conflict_intensity,political_instability,gdp_per_capita_log,food_insecurity_score,climate_disaster_risk,governance_index,human_rights_score,unemployment_rate,prior_year_displaced,neighboring_conflict,population_millions,high_displacement
3.5367665723356585,4.0875435210312245,8.990755829316685,5.779762704646922,2.713664218352821,4.926117627065003,3.0131678409950746,9.520228385108343,21977.676215438863,0,1.2709514169607974,0
2.485580660782393,0.4062935717394039,8.796134571538872,5.987306830987002,3.5628233450294005,5.013139070174681,7.235379316347182,13.449723543824998,8723.714704934871,1,16.42713475388876,1
4.159590873381714,4.384009709406228,5.162056145834836,2.1158866528399867,7.007818607328326,5.621691011030551,8.147920669206442,7.111626635209194,98590.32503482031,1,19.630611165496738,1
1.5996757580999197,4.43526823896116,8.840700743040173,3.281772002221424,0.8915751525109012,1.620729091105936,2.4399091146956273,16.48935219393541,24379.031680638105,0,49.567262134878554,0
5.502830780616322,0.3593019546574924,8.630096141960783,1.7272786297050169,3.1503789964909816,3.846029464905805,0.8129498886855022,6.426347256788237,200647.94264607588,0,15.625793858962387,0
1.1094528759339801,2.5996915860043184,9.3254002957314,5.309741175220891,4.019490751871647,7.155307925810772,3.8002532184386717,15.26918950054117,114983.44198873927,1,6.03863222047481,0
5.098966417920571,2.884957018176471,7.957776691633716,6.129984831118338,2.1298983171788777,4.8662513919103025,1.434307239771139,14.614736957538472,10833.893669730553,1,1.2263100734683305,1
1.7727037947274455,2.0906870283677965,8.835288586714583,0.7360904559987101,5.734157220586368,2.750243389217507,4.660862197538834,8.18495775259049,35172.21798403277,0,43.24829993951347,0
1.9829047191334443,1.8510293303371548,9.334363281293324,6.42237105116174,6.902683343607973,3.6315828503518173,5.254241378916321,25.407227733039967,46040.564004475156,0,13.034657445319905,1
3.7623678821354996,0.7187748488844417,8.259936697403969,1.3684124074292405,3.2409939585387364,3.6154350612285633,5.520942097135508,14.894454344845835,85452.00278704065,0,26.73652582645172,0
5.434668040445326,3.477245645641516,9.513805903345421,2.4935704351798744,0.638108271336864,4.922154091639814,2.4032203351045607,6.20045818490568,108421.39778191519,1,0.29515419772787255,1
0.8476376294265022,0.09063576455491072,8.605187398697266,0.9975034972737182,0.6103020406136888,3.331590066471067,1.2161746241758697,11.864570307145566,48910.703267294055,0,13.394040481782351,0
3.579287927839609,2.707572855994038,8.73498824847265,3.878541344290507,2.955920318460202,7.846123218017503,0.2533614877851998,6.303047655786786,1788.3128964030143,1,7.882274287997296,0
2.733207739503824,2.061700110820898,4.115936801414499,1.3879874234983614,3.2980817511803333,5.416410217337675,1.1240664591884313,14.232971790150309,32819.20978800056,0,0.6160156794780052,0
1.3437614109485028,2.3538928965900956,6.784169072761713,2.4580084129171373,5.222838648215491,2.2089706272542395,7.996737771212686,16.618950003993508,108055.81136266964,1,29.892992203483054,1
3.5325485000480756,3.7027859563450845,6.788251276510526,2.6875093992549868,2.7416139224498712,8.072281403787553,6.424222554862228,5.890873511731422,62603.84064294535,0,14.38578463021348,0
1.32790121432758,2.074405177870787,8.824498326849504,0.5370853867967555,2.2112130237957324,4.908433768079432,5.2329572930919035,2.388752487503175,102065.66410162377,0,8.104709979141191,0
3.2643436842516804,3.3200075489313625,10.407497849944749,4.0018265194720595,3.0060854526121568,6.0119861331359745,0.6219142972117562,1.883445834320106,56055.13406615764,0,32.77717832586768,0
1.6581040125854591,2.4355644163812604,8.322377342925808,0.3566092899611694,2.4637383246602815,5.613482618752189,3.694716869186942,21.10327856327268,2251.6993873337588,0,11.84517727244038,0
2.07734214505591,1.8292874408417037,9.772447268957302,2.2964364921464426,1.6908729484905385,5.834844062499213,3.010708774245319,12.161872878015679,172111.37021376682,0,0.1,0
2.6340848808284782,2.6544838867192206,9.472378984488804,4.581278268510607,6.494376866608461,4.312981941799887,2.2878245950703793,11.982969315383695,125063.10808958195,0,57.80858272464258,1
3.9001433036648914,3.712972710645472,8.709840135205477,5.006679680821188,3.0498066926594443,5.661525786516824,4.407963669356344,8.884156076258497,6766.91062061594,0,5.905758218645411,1
1.5364547000727538,3.393430997282359,9.360965051247517,2.3398621372409076,0.6831036771922538,4.701526770336561,6.819331989679386,6.553491384336377,5978.109004744038,0,35.5069601869573,0
3.0550235119832063,0.16108664847518073,8.868915578247757,1.2883826948376964,2.495320913881132,5.724209553314573,7.384879173923879,2.7347175447955925,38726.37667578511,0,33.9015919119754,0
2.03313881265596,3.700401819965376,8.286579254810833,3.5572286426275457,4.5878289434490105,4.6285457377657,8.029190764068291,22.002214785094303,70745.15266167006,0,3.54366993785694,1
1.8387687608823067,3.093305217887315,9.086620524499802,4.114914405606225,3.3073676097900377,4.419916624661074,2.640899037920124,4.725210199939974,24077.356951348276,0,12.849183272478285,0
3.6782408723548077,0.34376929980175935,10.669947114702595,4.294343526838425,1.4569683182809667,2.075934381819866,2.6767858709190957,13.649779455720815,7331.246347286901,0,0.8205857054552445,0
2.0209676646387695,4.080696401915166,9.209123460213544,2.9645654974168667,6.487645539493529,4.989591131596657,4.84984403308113,13.831402650113422,35724.27139155711,0,8.756202457001107,1
1.8633950452881944,2.869105045830586,8.82695668005799,5.15778208182693,3.9456726139368543,5.449227333113307,4.584398692892884,8.388164727022613,20591.727717999223,0,26.259305065788286,0
2.8352029975398914,6.273568756267823,7.183824128245778,2.4861329364519182,1.002018443961966,8.6977481109645,4.693856700207178,5.7002185957550395,21675.636204692568,0,5.4117660096057385,0
1.0039930306621214,1.3000318586576287,10.623812723896913,2.5411306430671976,0.6880964771327893,5.958732013276649,1.8774206945362026,13.02525488641618,51779.837452096355,0,2.491499416048965,0
2.0772938916523405,3.6834962922318115,6.389427203501581,2.4879816255693146,1.4350207516487687,3.5506355151801494,2.7887927525203393,7.133760124218739,108406.2500001698,0,14.149934935266488,0
3.096377073595142,2.0681781732201703,5.940905379102848,3.789268700209647,0.1795659664263365,2.9706447494205395,4.878094741436413,4.812280427606617,40889.252571647456,0,15.39997635855859,0
0.443858001226034,5.017603426553671,9.057191032476265,2.842625147040538,5.969149491145994,5.534875760010256,3.997330150214803,5.681032539021671,58173.94491378257,0,22.529678255556792,0
1.2457921344554526,2.5704534872496767,7.178859713327919,6.168429779580645,2.29355733104941,3.510104681287112,5.682218712379983,8.046491211714258,53932.68831168712,0,28.470601447847827,1
2.110033201581863,6.041340990775811,10.133648504271166,5.765942672036395,0.7818343866634525,3.8630463397190358,5.878080213824016,2.7880775447149553,40052.90200764509,1,23.802024637575197,1
3.581887554246956,0.7846811578243269,5.974441561951025,3.2961185354369293,2.4446107408280078,3.5037477681015154,1.5144699727872846,1.3427745118415602,18608.152359335043,0,37.33986225850414,0
6.522422663601021,2.9559458383927883,9.94270970876593,0.683184542098329,0.5432268835864312,4.342826439402959,1.9940934593305195,2.078028063015292,23724.217427425723,0,5.0438911054051205,0
1.6226602605678067,3.6847770164693943,9.731472902106852,6.212387612730127,4.594692784964668,6.472244664753251,2.5284246546103666,10.639424100329801,18968.220597652085,0,16.868555334167848,0
0.694242954698856,3.9310715634519817,8.677023946161858,4.426474967935793,3.703742704791675,1.0203244137476237,4.0604511685534055,1.3074967604277834,124746.6956481444,1,8.928722194004848,1
0.76848080809821,5.29186384271065,5.350642536129536,0.9240169564014904,3.8973973632616783,7.589299848641383,1.8285496042577178,1.5251824554735092,87613.09467517315,0,65.46260524633558,0
1.744335165862888,3.0996582592299404,5.915045319521096,4.780024391194874,2.657279655068279,4.591727645020477,1.4758221829841243,18.69767814714404,43297.39497771272,1,11.606355376485881,0
5.434537469656785,0.567761306426929,8.859902916587389,0.6885574411565323,3.320283101635148,3.7318353042279924,4.399012123699116,5.601519976682129,121659.45072758257,1,64.23499210267447,0
0.6165391344667323,1.5550031250253407,8.15081199942183,0.8932851817264607,2.006381576218019,6.77552051134928,3.4718186252023853,10.553739803200852,108757.41499065793,1,29.312436511273052,0
2.3568650663126416,0.949941831727461,9.590995427354505,2.6254957922693705,4.0324861283910165,4.587499781106495,6.820152410072722,17.444628083452592,131342.68471681644,1,25.349889266635955,0
3.132941266752032,6.594625321905624,8.397675562403144,8.667399989918335,4.0047863920848235,2.9062876400871906,1.150035510295945,6.4246657914078655,12536.906282328702,0,13.528307303833722,1
1.5258331470398612,2.3492957049674605,8.267229051621499,1.673521251409915,2.787834502516798,1.956332855098628,7.888080272383138,17.160953994998945,63204.37407999934,0,11.717382923537551,0
3.8688633601837825,2.024783509487901,4.8605236398119,6.142109399992776,5.371304944986399,6.390889472785107,1.8771674700120577,10.686216020786542,46981.102624849605,1,14.954102806341448,1
4.845897602554896,3.4119850118462987,9.733648467658927,5.222746140852622,4.5758562113333285,6.519474922116427,5.337545418303646,13.567051929002233,66181.12364689533,1,6.95240871221494,1
0.9593877797328496,3.712930873250693,7.526280722861639,1.6218685834206603,0.900272487836766,4.173903022330349,8.124698931072617,20.039782363612304,15284.113002383274,0,46.97466237981107,0
3.6622415848336294,2.579043518687058,7.902691114421165,3.810402010753353,0.9506270507950181,7.642649722759947,2.709714844733268,7.407873351423198,59340.885147188616,0,31.629710448589464,0
2.9837284269070246,3.2843642335088177,6.895331435336274,6.320315583699384,0.6415992727419861,5.071661888828654,6.14630370840978,14.688605952946382,26367.106610115276,1,32.328833061853594,1
2.2376636652142783,4.197319573933808,6.189383404074478,4.322286334631826,1.361508441328605,7.656009771542962,2.5046750323988114,0.6278361813907303,89816.0316688916,0,11.353338067946272,0
1.642916485213648,1.3084133584036515,10.708206742247679,1.0337844821327027,3.33438237239588,3.08526473656768,4.240384757424882,1.4542531039915598,79326.54591456328,0,1.474845819570885,0
4.613858274628867,3.2750574850149805,9.693231542432333,0.6694212833961533,7.313199459877719,2.8404077082341854,5.053505776244914,14.2649984034756,11872.11532925966,0,22.981948799695328,1
0.9832146075036968,3.090666018759184,9.717993363031198,5.1240633081692675,2.7243865256532507,3.972701392637986,5.97725082119513,7.969109825452993,10158.179119754595,0,9.381316069921347,0
1.7924751298341701,4.432956418443808,8.175234072850948,1.992747627666189,3.0174661354756864,4.200871261879924,0.8645070102495668,11.052845989554129,63244.8658661235,0,40.87072829577056,0
3.4301873259799724,4.519539718395333,5.893116331051308,3.2290785683516465,3.7509329809564838,7.302173720624021,2.1501299733540313,4.630542533687869,39978.17875399235,1,30.31334547410987,1
2.746698380360602,1.7662501625710236,11.653067133756709,2.142277741056151,3.3944671801347575,5.586686180091148,0.9310060218706937,13.866832411321754,40732.52133302622,0,3.1407535102636692,0
4.432945779277498,0.6628959192412616,9.133437446895094,2.401980507735683,1.3787377704225101,3.4815146361469522,3.5955091096017133,20.610269827049223,69820.3305928584,1,18.41178567542152,0
1.3272443189522465,2.6605658936168606,8.705183800115494,2.446350935062508,1.8184198542101915,5.0223178232471435,8.891924953040512,9.503411116876444,96541.0064704707,1,23.567006040580445,1
4.006430877209991,3.50135842218205,7.961300466554383,1.7130900481962827,3.626036608348393,4.143896431702834,7.449949194898867,11.193610695865248,13653.72427316508,1,16.79296426553193,1
3.225960385009868,5.160959312188699,5.433165620593577,4.214276447616472,1.9358856223012053,3.392483771339972,3.5173969184692995,11.13624602980919,40544.70985718806,1,14.432668821198183,1
2.9236182551319763,1.097055673936324,10.212338098415083,4.710484661650829,2.004031340674209,4.8405164702046735,1.8193695393366944,5.3425935805398,88291.34503881806,0,5.1718676140510205,0
1.1357697325263676,0.6263991629038377,6.913444739646616,1.7185189402144054,1.8788662957217293,4.618287779015862,8.286284234740032,8.286840604982128,103097.44025936705,0,5.3813113172551885,0
3.4155895722546274,1.3255741096760387,9.319853744293384,1.816574490815993,3.8866414315792963,3.4686427640315163,8.200337769048115,2.679906351793479,16942.41003317806,1,29.221059765739916,1
1.6999587395941758,0.5832776626883096,9.656250941685347,5.526645797688852,0.9559349036591693,3.4472719570748898,3.100132913742903,25.069283229577685,5499.329785224398,0,0.37733293475011137,0
8.014732049023443,3.2540251244543543,9.001236432809733,1.6142412037812413,1.8315480465298517,6.6291931531795765,1.7022475991780597,14.701897387518583,13251.903296596956,0,30.18371408330374,1
1.3177062408757454,2.8860452011995315,9.204960310497826,4.038510162454073,6.74337717951624,5.846831710850357,3.6541473897294416,13.971342626981011,145477.28300940295,0,14.964689536916765,0
1.2549965919150206,3.5318268862041564,10.519179627847446,6.012188402057985,4.017043603350446,6.887337459213929,1.3301259713926497,11.3224987340082,31039.438769301974,0,55.04714409463017,0
3.370138954716539,1.3398942398866829,7.311376882250542,1.3099332677005218,1.1003601734094388,4.432496474356579,2.841533412341159,26.69779870484069,27113.560599521537,1,118.45032319670074,0
0.34398622005201784,4.0678542679708425,8.746753885065258,2.016534723435685,2.975799129642525,2.8245285597534426,0.6726389217265184,1.0273915940013598,658.5351455495271,0,21.7822252406182,0
1.5937752033309405,1.5629445451515767,8.162341892980246,2.0730214554182873,1.1735508351703468,3.8521957259116464,1.7218778373487977,3.605323073563898,2618.0976242447764,1,10.629316644992269,0
2.615158445906097,2.9695838258246554,5.740652428266845,2.53616007496492,7.048001743891855,7.054628011940009,2.7028056601458754,17.92616561219684,55235.93416140713,0,12.890413302678844,0
2.491194021961276,6.434014985611503,8.929499994800514,3.3617856170608222,0.8898426312262987,1.7991912029400798,6.157914155524244,19.44598290898083,44558.821230595575,0,4.568535350398201,1
0.685869246308145,1.4212150321881287,10.376875894787029,2.0479556877399716,1.0679782973851122,7.889421769046756,4.238783016612523,9.389874075987805,42845.4969287545,0,2.0902025244172724,0
4.595064072499055,1.6699735743790218,10.564501238015792,4.01890913076058,3.662155243780028,2.779680712709328,3.056160486450084,22.939927124295394,5844.833206362357,1,17.291211840201125,1
5.414781386117564,1.2969655149386994,11.286215813943596,4.375732811941434,1.5075508595516585,6.559353031885776,2.599584122335548,13.637154614259213,21697.9492281491,0,32.74595825969362,0
2.6059606181093153,1.782872715496214,5.839421313116135,3.1373684196464247,5.254550518330171,2.9590829015822626,7.830150526921632,27.55142885828139,83661.00628626774,1,6.069902655519734,1
0.6753590748378506,1.707652951825317,10.942941546821862,1.754411738931076,3.1797210605614716,3.809663900185916,2.224454247680355,17.588721329210077,9613.214553147061,1,10.882575030154758,0
0.4676883497272682,1.8526477559652794,8.77725964654057,5.364125065210057,5.102520322202476,0.8850459349912958,0.4204350678265448,13.122018337438995,107145.59209759922,0,16.183450018031852,0
1.2713147658095107,2.189311178868813,10.90084376105494,2.7010488868633282,0.8527344931706415,8.707597122049592,6.008609184642201,8.76845762699291,6475.73354309918,1,47.697133315038094,0
3.265987258278122,3.382750971926416,7.90782638620686,0.8726001268365116,0.7049677648649089,6.149661500097281,3.192990230804478,16.912181151246017,9265.259979069438,0,2.984651184779239,0
1.1912486541113898,4.604493989406266,7.703799281807672,1.5353815427323871,2.842613901397315,6.267397030725021,2.838842359486135,3.778783558992761,32480.44020814719,0,5.406882769770275,0
1.0776704550146234,3.0110227435041077,6.677091135659659,2.544208889738237,4.031135516675491,4.014264354656191,2.4693200491117864,6.577028661806416,145294.49113641286,0,50.150519402001706,0
3.2460102630740866,2.409796488551233,9.663966349609241,2.3875585384690243,0.4147833025649675,3.138491299500239,4.201103264290506,9.546425369931104,19990.134356693645,0,0.8067670872496734,0
2.193544911847561,0.41859411542165037,9.271714105797624,1.6637381481894802,3.933005613227593,6.553061214475575,5.734011245219014,19.984818359396563,53679.1076607444,0,21.348996472823075,0
3.0479223202169465,6.492376937754179,6.824485656654511,2.5970112241604104,3.475129740784379,2.593750816502426,6.342049102770133,14.470834573160577,44418.1260216458,0,20.40670245885579,1
4.03730071467841,2.810720906179367,5.253794849480499,1.4303568989753273,3.701435232202319,4.665746279521594,4.762316820575338,16.83458356631195,8103.753547969204,1,9.66597424602983,1
1.8412892169781057,2.9134280698889405,9.12286785148509,3.181792853337239,1.4582901835005313,2.4985397670825633,6.5722725104773625,17.11137073774011,14262.046150433407,0,12.628427691318347,0
2.3447365948588197,5.462926117906663,9.2937555504171,2.482723209176408,5.3636119149109005,5.247896893170666,2.1130402420933967,19.404333577685186,133072.24441617914,0,38.609116894743195,0
1.75068748991844,1.8968961415942878,7.019572732411351,3.3611949183626155,0.5641596100804269,1.1661744710574315,0.3351369552780331,11.689496999602246,10217.906842847031,0,3.60604146680348,0
2.6733167347976963,2.4859690389605777,6.718257379943557,3.0826774074833474,3.0492648863418466,2.0388424532779457,7.797013671367906,14.848170930779315,59373.79641635209,0,5.268050500722213,1
2.3869974422513702,4.392210898888791,9.483802268719373,4.445982316851582,3.8462782757645746,3.2803610913352346,3.1282613461851745,13.711705858837037,167185.80134909198,0,14.363163745682508,1
3.2579561073076047,4.636069255533359,11.28459054748733,3.3600878445965705,1.030017074341687,6.22950614821064,6.115162844200124,19.65280246833615,6363.607826153436,0,10.544026974104996,0
4.434878606676832,2.672577269945208,7.757514701637901,3.901220246729424,0.39042458469302255,3.9373645774761368,1.1633138069351812,9.559380265380392,25473.160129776683,1,17.08381445225925,0
3.855671372233749,2.8193037335363567,7.180541600915596,3.8106428358492317,6.099222755525176,6.9671966462294055,4.221497251528232,6.869978718593275,12675.765994668973,0,50.725477530286405,1
0.9615258168656671,5.692730228078995,8.948287695625869,3.62691733756151,4.125949226022799,8.001396555318928,2.1579559679489604,2.319137165729145,12523.26556300451,0,49.80289113112229,0
2.089847738799713,2.2367008867922618,9.452879597272107,3.8743017393004613,3.9500503890566154,4.382713740623412,3.938946043004285,9.661250072138767,6334.079253512953,0,5.227771644594674,0
1.6619623428044838,2.3061271313703675,7.953564856161384,2.815813087971257,2.3282803115804955,2.043105159458338,4.681680327541032,6.867116815449298,52427.030726524914,0,7.19486758833455,0
2.2721487350505116,3.531544202561912,11.53763662523793,6.5852007902413625,2.9841751020885714,6.931359912552096,5.630131699897587,11.29411856990698,68588.71642533779,1,3.536382808943676,1
4.759204964642726,2.321423637626224,9.852527683212518,3.486032089205131,2.5549714299543873,1.9168676562902638,3.4115994672007863,2.8747507599614677,56473.25548811372,1,52.56363765499023,1
1.158847910316494,2.3843899928388845,7.9280939409524995,0.749311845416038,4.382543954289711,3.193472589789027,2.018120737948764,2.56632302382028,129284.85296149552,1,10.14544323587879,0
1.718540724955221,3.652633211887469,6.1112755415826925,1.6029457009159074,2.5028366996429168,1.597871458147226,3.1564253417825086,4.769262072541473,7872.402684929439,0,11.946020883890089,0
2.4093580883068486,4.133211757037022,10.479132681722309,3.6479969283843197,1.039698388910553,6.9263294507086846,7.578494582316425,24.24821949668746,19271.7557290386,0,32.45459525753568,0
1.9658545353951162,1.4127774994692721,10.287896854322609,2.8669451789264317,0.9729033274594465,6.144171365108846,4.422909330784208,8.55608218011263,21123.402850431445,0,14.388733735352009,0
1.5450740124203077,2.7894106126720306,8.045870695057351,3.1065643553191142,5.259403639768758,8.236571449915221,0.9380195815129317,11.233915690872339,13203.622879999055,0,2.5511109798843234,0
3.024753876496196,4.770180100982217,9.025863186418817,0.6861612339533442,0.5652572712674928,4.117488780979861,2.904987001898451,19.146639047942283,7669.503534010466,0,11.51968530072881,0
2.628503990216566,3.6179746205625603,8.274295153776237,3.8919581573545505,3.857642458820795,3.352049683178434,4.2862481116298,11.862960624510137,33345.079058172974,0,19.91339220954532,1
1.7838548982713633,2.961979733556478,9.280898321663452,0.9194925640145947,1.5734533205238612,3.9503787313260794,6.530195335369397,11.72723972144376,89920.9682735528,0,25.4028994232262,0
0.7140336869412172,3.462252555015791,6.962575703302477,5.927252205398494,0.218796443779954,2.3344584501404557,7.654940172305452,5.035001496654168,154545.8212286638,0,20.732582312102153,1
3.6804793518398213,1.084600401928835,6.748721319884731,2.083386885529091,3.9592027262856098,7.8573035612577895,5.605842663619493,21.42160535140624,6925.223019420496,0,2.5380560750016934,0
1.6500239921085023,2.269082815991945,9.716295599140786,3.654599217160559,3.552892500702429,10.0,2.418857210162292,6.610904654326442,86624.71176858213,1,7.258014972414802,0
6.463769483914986,1.5051581206901055,9.906422265264396,1.714639661233663,2.324258647633669,3.5523764042459174,2.222795076564588,6.313682981617515,87028.9291030013,0,26.45247270039191,1
5.031230845032987,2.945063340443909,7.7638119615675905,0.3637109932838366,1.6113235344863222,6.185396161816462,4.2835275263435,13.592776131351442,24631.125642267267,0,42.43699492734314,0
4.0864698504559716,5.362160322633828,7.376318386058463,1.4880746961288627,5.9141750734829435,4.689021749055217,3.8614039564381946,16.437280325433896,5828.3551183309,0,0.9667200626308675,1
3.7847193861867465,1.3751560636675202,10.221349678217047,2.6251855177654084,2.6826350889910513,5.883480856336982,2.515208342035205,9.01908196900719,230298.55911949388,0,0.8629336417333935,0
4.808171104256128,2.6431929318681084,7.427106221027231,0.6709776389247604,1.9776755335449439,7.119397371608279,1.2926453662526436,5.126183718897913,53296.563503677884,0,20.623065501786964,0
4.5015277145501225,1.6674076091080736,8.583116883978649,7.1799994876414965,0.7178066985007241,2.7138172623312635,4.944629902827872,6.712430468003074,201415.74996644378,0,15.883504306885941,1
3.1485465592718676,1.2875606452853878,8.39287753244102,3.056605556269147,0.9040026296669004,4.042818896738815,2.5256591634268366,9.56135566634314,33049.0565493772,0,3.3763995072158286,0
3.4583062444553843,3.2685639490853857,6.299641081972121,2.033726614952693,4.018082389829495,7.406311119873367,4.945618766122411,13.352719110932867,25142.294000255246,0,15.894367991227014,0
5.386521682270735,1.1576307637312195,8.788171400618003,5.090563396834639,1.9840735996335646,6.017669789081614,4.580280123057613,6.414954658393528,14196.819877641914,0,73.37161233300843,0
3.0617217969438144,3.3841705030557527,8.64161043010624,2.609793507617768,4.632414233983095,5.654639485455778,6.612490979360518,33.436770164596965,205438.40953768205,1,19.933765321307362,1
1.4558813424442505,3.5983838201373257,9.04028691715241,4.300014064562493,3.45860136998688,6.019367681492433,8.016918944395387,23.18713646518837,14601.727836690086,0,11.925533684555303,0
4.518857472364912,1.7378302708345015,8.73734630447993,1.2644874937481148,1.1124662979428732,6.21578301843307,1.3007597064614744,10.278853135698174,1202.4822231094263,0,35.15092792259496,0
3.5993742481792457,2.783028816737725,11.703531114120059,5.124755051384238,1.1029760728280438,7.315526837474243,1.9639290824149658,5.056527928465284,35920.00990020839,0,4.786029954853889,0
0.6190643377169209,6.741949637316157,10.242517346984846,1.5219685554857374,4.892897497269191,6.507547276658439,7.453800992762521,4.304406037268181,23664.490585754447,0,10.699853876147058,0
2.328545928203029,0.36352156771953603,8.558213500682202,2.908033376022896,0.8015437803045434,4.898546647005841,5.896216259420561,23.10865321437543,15148.754400651751,0,15.005693192604678,0
1.9208246644942937,2.244943663861118,8.695358625774308,3.048503806621328,0.6585683488624644,5.706072767130133,1.7989043142310117,14.851535567547131,50339.242393854445,0,14.045368742654391,0
5.199092769591175,5.983467250653779,11.145428811626186,5.562726009563863,0.571853493298376,4.8651420073145,7.6494758930082005,2.7936570441772886,22648.95776626844,1,50.75917992451857,1
2.201943740399156,3.4663607642548144,9.794631679007871,3.494866395710833,1.2509998321065736,3.5077125929232595,1.163581322050988,16.34740656545086,25729.207937290364,0,6.925105702273099,0
1.3772023575141255,4.031675737816288,6.65649570925833,3.4945983366043167,3.710799186460156,4.896745095956666,1.2878171626747013,4.243865698314259,1165.7652752386862,0,1.1632571544183072,0
4.71971286182723,5.280499551515648,9.923422334210645,4.94176743113591,1.561283819766244,4.772378895361217,3.1015064074018364,6.021789582208709,44466.732746683076,0,49.62878245558969,1
1.588460545173127,4.599431294093182,10.364201623089915,1.3846725788146461,2.150769320497256,1.6038160844059517,6.388272586775047,15.76973420746766,6509.479410878398,0,4.894179886175491,0
0.5968947527083952,3.354609478388799,10.926575613663676,2.43977660615206,0.3326220738232938,6.5498699188441,3.2310788154986634,8.867881598057687,12027.512312084436,1,9.529384894493084,0
3.4081565965226837,3.9011958551637282,7.897762477588767,5.124375140593587,5.24800820208076,6.888926891257244,4.723992113774955,21.979110527811045,63136.2397640145,0,15.138429188872024,0
3.0664861826340886,1.4652283416598801,7.788324256796549,4.017002866914757,4.610445301068119,6.087617812926492,0.6584046948961597,17.389423956294515,18788.718120609377,0,74.49466831891695,0
2.789555071166884,2.3358324898373146,7.087277467829004,2.7373870870306822,2.0356140702766448,6.769411639445709,8.316510027895847,12.041643696236218,8909.118598853305,1,15.32590667835924,0
3.288097857207583,5.355852061194167,8.9621911965042,4.4751986153927605,1.94244995833621,4.6481817288969,2.929025100555234,2.6770310026584,43069.31573596029,1,11.874846328533353,1
4.0649018963913885,5.458906890817872,9.599301373683549,1.9837734387425536,2.4257539672106403,3.9718517773989355,5.2517554363088585,8.795814899558533,12097.495305028579,0,17.524027129922622,0
3.2345967824352124,2.9324689662939285,7.730006219983744,2.1374254243975366,2.7886450454039697,6.897810740793441,3.74822899093806,5.507256099209494,15802.583129485647,0,70.67732115956312,0
1.8134288505174043,2.606005376897788,8.287277053496258,1.7916826397521217,2.589157993243033,2.8824331181495846,4.142496736471529,8.607960133594123,48555.73759429908,1,34.06888471578446,0
1.1034442080402906,1.4618807443405761,5.419423306571404,3.8789594327348924,2.9646765522188954,2.813119148562884,2.0885939166629415,16.549817309705638,67327.10895412155,1,3.701742821469848,0
0.6261134174457317,3.8358291962866264,10.764173575603975,1.95871841489479,2.1767100987607266,5.896277454813415,0.8671569823335888,11.325572892242237,67288.28003697899,0,32.51744589306788,0
3.893738659278771,0.37206287908734453,6.152535442749855,5.755953447437947,0.9115792165929232,5.841526395383426,2.3828051332398754,7.317279829876922,32912.50271250668,0,36.789485771051126,0
2.2081199239815468,1.5265935678690292,9.062169628289206,8.197462628055884,2.9548731399722823,6.860144918604463,5.379860048455506,7.407847228845812,30284.012210193727,0,23.468490738791054,1
1.7057746068742894,3.2909401726592673,8.85738225005852,1.7793229629020588,1.732238744812392,1.5791152997436804,2.2966145117541013,4.669104630571571,77474.83720152751,0,21.41411405055356,0
0.6763603384706811,3.0340905103521685,8.568711952797395,2.822813970469693,2.5976911696051577,4.804515518413002,5.856688784595496,6.004728815290685,10723.732075860169,0,11.627715915389894,0
2.063693713019656,2.6624277531706806,8.603195317509535,4.340651686188968,0.5723075860175413,2.7392665582691493,5.97848747948856,12.40852155562745,8255.670349251739,0,20.527435608029514,0
3.5879012288277545,2.3935286409338103,6.982328236415749,3.903175107909571,1.8792419465596544,6.710588426404627,0.8383381967448743,15.84191744073119,54635.745526289735,0,26.7557969188665,0
3.1689998477465298,0.6726024683917943,8.007902193708258,2.5615717625783994,1.2503388175450572,7.667498097255033,2.994806664640911,6.935616165014322,26339.869333194667,0,2.6208669064970325,0
1.365637082251592,5.421148900980919,9.953425978378256,3.693160063039488,3.655487372890356,6.008991353710613,5.209975950538603,15.704074719705714,61893.45238185101,0,5.950068493401549,0
2.1708374305025173,1.6693065530207098,10.397733250654953,4.526550961970371,2.717410629879287,3.884304289493126,2.510745964236974,9.885232116108252,14826.066085762928,0,4.315462568852286,0
1.3637924319860009,3.125025751898585,7.86864859213759,4.454951406255686,1.4071764729407166,3.5028296946534123,7.056733267398572,20.226042392776954,19642.64001467211,1,36.80368545315483,1
0.6373493040686784,5.754859263203816,6.15937070428463,6.1209446255169455,1.5656762759498677,4.176342805350597,3.207731331057943,14.174338488338293,113495.07791293487,1,22.788847635158646,1
5.7857162823351995,4.250889657951641,7.33198922305443,4.76644643477597,3.244424984735503,3.317751215655419,0.6167049517064428,12.181951129375161,27379.36712748258,1,11.985070601200405,1
1.6737543318713217,6.034669008975112,11.279045642279323,2.732092244214232,3.1347107878783786,4.681517701976084,5.540394194787318,13.512665833858746,44696.31817226808,0,34.98040872428859,0
4.85750585203021,1.644219334624456,7.421283265019161,1.6981802464046003,2.4102227605742104,3.4982691657539,2.181033680354899,16.25053509283725,5640.643788606178,0,25.2307205895252,0
2.231288814404552,2.086997984846618,8.354194494610331,2.561227745774637,3.4556043242936334,2.236701780413927,4.212795401076422,7.654029857538416,9851.20591635194,1,48.973750633414454,1
3.734488472849539,4.807181886073227,10.623868543029737,3.730144607137369,4.8186514581646245,5.761292855890319,6.043966383142058,23.52921187803005,1827.3763638028584,1,1.59833922705357,1
3.8660756941930585,2.507684502300169,7.709655991994336,0.9660659795800761,1.1641132396590483,5.915648042501331,7.270174991731273,5.256254769967219,27614.579800748008,1,14.232634704794663,0
2.9103929254547434,1.3701348082005578,8.251696915528486,2.945291306066119,0.4110238075197129,8.39883998480338,0.4918505678928828,13.687215553989615,225130.70016755807,0,24.53445285088059,0
3.584957567261279,6.245064211462498,9.691747436134467,6.964278929004464,3.603600694698966,4.1336125013314895,4.524172951611826,14.107101893122218,103523.35767250243,0,4.651083523519577,1
3.6884852544610003,1.9181205542314084,11.067710301294257,8.479313236840833,1.4364453957055454,1.2195906867021415,3.2988126438896046,16.63447769977165,50107.26367740754,1,7.923950660188379,1
4.338558481917235,2.9920832157165638,7.531672202957532,3.7110254818184347,3.465726444125476,6.630602845320408,1.8103801163340676,3.676005887678246,98698.78868274951,1,10.859272948807039,0
0.5932432661715327,2.6848915928564887,10.588142866181775,0.8770255367388423,3.7819838558469443,6.855512509695057,1.8095382332367669,26.925691278737528,45090.967013895155,1,31.629220639755296,0
1.5373830274583953,3.1449233116223767,8.077706935203517,4.425694035107715,2.986886981393898,7.2840032761646984,1.9896651073587575,5.986295040362347,23004.16041400409,0,13.607628258478213,0
6.9092716879668306,1.6635921230399522,7.171106941802593,0.8012900728968015,1.3780485725672835,7.942648673431922,2.188774105188314,15.303785456912696,9530.575249010079,0,13.579759255479363,0
0.49270968318352937,0.3517978079936163,8.874334645461335,2.6194351089146655,0.13647687727331503,7.971061458035673,2.40613236455143,13.376892155036815,52928.54875346835,0,11.273547148390008,0
1.8591584017139418,3.458810311827689,6.763647913347104,3.7609154983997746,0.7190456992237404,3.046447104333556,7.590485252525662,16.22387608638364,10724.757612428059,1,5.190681785588124,1
2.715695031402613,3.484719423435887,9.208017147194322,4.3775268541988925,0.956062239498922,8.096155109661726,3.0679621773784262,10.047705975699843,27015.160608278587,1,51.297586457599124,0
3.219105263709601,0.8214105244379034,13.224472016701814,6.192440436451249,3.249215380699551,4.343929390362255,2.868518979006631,3.391808501508786,87378.08947818774,0,7.648681034176281,0
4.820942894903152,2.157152675400865,10.15840122288054,0.8703641095420577,5.401880091487344,6.5968736557673004,5.930240186871209,16.335050964493526,6918.830017534037,0,16.76187117396339,0
3.19706275524256,0.8269297157896618,8.342650543314816,3.1784692811914272,1.0920996310370081,5.518985442061692,1.7793640990286976,10.727365342590536,6906.89468858051,0,3.2216870745192114,0
4.916099383257625,4.167176195864318,10.07830286151165,2.0443357611218476,2.77076544940397,3.054501791306431,8.804271840208235,11.854412386478563,12706.073504983136,0,11.39182629282139,1
1.8417297086710416,0.8798265186203791,7.102717407074103,4.375576106253087,1.862552700045449,7.32071669491299,2.2832347114699534,1.8216415869855958,40138.87406420374,0,46.827249451880704,0
0.2939224977394532,3.5306550503899468,7.354488045996745,1.2630241201031347,1.2267133640000165,4.087796968567109,5.112460406714763,26.109594931685308,14499.134392615706,1,107.91965580185905,0
4.383244007111608,3.8241656334813183,8.384252837183103,1.0732918608186903,3.9325926912179368,8.717548857145305,7.130843854511948,4.789007867035254,34978.17981541424,1,8.980562639307793,0
2.201991781916556,2.537913909739236,8.631671799774756,3.37364081813126,4.6617326994187245,3.4735136026784375,4.4132976631449035,6.111269047521865,17975.56320040691,0,3.3444948973801085,0
1.2728980205314468,6.066784600310963,6.560045771185349,0.48795221040762415,2.8420115775265744,2.991097717231063,0.6434278469829893,12.173304010624113,35285.508768207364,0,7.550721403946696,0
5.623099425360222,0.19293773873010478,8.040283761834353,5.675127056770456,3.668365162646034,3.674258780741863,2.748945425065477,14.01996050615438,16260.990594127356,0,7.927385073637825,1
1.3516925682648882,4.187109793560707,8.283116924520918,4.080953923268636,2.791412411829678,7.990402548857595,5.309641582339105,17.69291003109415,195632.09886900146,0,20.685095356582455,0
1.8926525270317185,3.403779918999732,10.81295852175795,3.0729584263904735,2.3343168812577515,1.8656001271456581,0.7459634473069,4.56008454542976,33934.40110622418,1,13.709800411359783,0
2.788522124309327,4.848744923943459,6.559981725497754,2.210921025450767,5.047249908201535,6.826132938872114,0.6520576465647945,26.703948303254386,68059.29840417583,1,29.26002921218904,0
2.584988688589334,6.146509543014495,6.420927189121641,3.12331514210437,0.8438979735609636,8.664721018729889,6.6140279703007625,8.412603795355055,60289.81644653978,0,24.16653099589375,0
1.713624183536284,2.824454269661741,8.76356341390685,2.985731333301395,0.8684157988972199,4.661236553082847,4.418960250526958,15.303548614438531,33722.09842826086,0,5.788571238213615,0
3.9029041253612027,2.3873026417379783,10.226314904091089,5.9477496955099465,0.16397939948829265,4.21382723241464,1.049849607010047,7.472630377618577,13647.033911983006,0,30.673226439079567,0
1.3884092876465817,5.366935287842728,9.327389521060773,6.268851684180969,3.238525496412534,5.159791905926096,2.4504570018565905,21.482793784643697,35740.84183061917,0,37.606813223502314,0
4.659217194194351,1.6882476789617253,8.954015340134461,5.87956836869374,3.676581202927732,2.7551816763969796,3.4274258151103605,7.226794731315818,57123.76131495074,0,18.245485659991836,1
6.157519764816631,4.21936365707615,8.067087954997703,6.237965859644094,2.5391665365468263,10.0,4.540249150670921,8.819800903509737,30801.83258203286,0,52.529692555768975,1
3.0737992104715413,3.2649520209421796,9.514157393942249,4.0810802408456395,3.1169914529493696,6.339620859340289,1.8064301170119585,18.298005147755816,4273.815464789071,1,30.552377765478763,0
3.1166109415672723,5.665498107719812,9.740333829725063,2.0439456703919223,1.1716443896616957,2.558968095823133,5.065659033713763,20.55497013685061,907.3446465202086,0,18.09692475644304,1
1.347012643177103,0.714647231169887,8.114033700722985,5.431816230664387,1.7596781359954208,3.3856248613276563,4.75487332413893,15.753274597525396,19865.681726389827,1,47.32455973335693,0
7.2390318449679665,0.6151737848121616,7.077063234720355,6.172594538659531,1.8947851081144216,5.358267580485981,3.366838244431057,10.618288272898909,8139.120333377804,0,18.343746686067163,1
1.1910027770778648,2.076698374564722,7.086816856970787,4.9383646701391815,0.8609672004832789,2.4111529882033853,3.0101501797753025,10.98405257449434,118324.32201902763,1,14.729075488570766,0
2.853857889201116,2.7820649078075315,9.818101417071498,5.225954427587628,1.010079312137414,1.9913578138245542,2.7808520980694436,18.82760264630899,9669.084970167973,1,8.809155661330651,0
5.14309690041867,3.8762730112288586,6.183590018353668,2.3985494266917065,2.8377068258299247,5.58753616195888,4.828629427005444,20.555941117700705,25067.09632704613,0,42.88827822643989,1
1.5648979507517,1.3732166561977883,11.015588762945669,5.134194740427053,1.0651824410741624,7.011996679265364,2.3239875605096696,5.964956345570819,62253.19871038583,0,2.618744826879266,0
2.6055752603134725,0.4255493968319861,7.815811459758095,1.6987224011330588,3.452532441921292,6.830443925008842,3.21949038323114,2.5145785504443436,84484.06493312807,1,12.83018205260478,0
1.3981359053542353,7.027228461514909,8.964297895456358,5.675258322257328,5.051431915869818,4.880524860374031,2.992391765464881,3.4460698708392696,32476.91635215724,0,15.418426980891562,0
3.8809399133637204,2.0317663544645965,9.55256508696564,2.5281356925555065,1.9421504597455232,4.450981184754461,3.817681047229336,19.596213732280695,9991.802780725218,0,16.182347013649803,0
4.641645770320865,4.63688621891993,7.474471427456372,0.9890344374121096,2.3631302049078933,5.103340377800867,4.393912788827228,10.232054439621152,15796.891553385334,1,21.104725404856968,0
1.2845804774166796,1.202046876406995,7.810153236017133,6.591405818886196,0.5595276691160395,6.984254077514121,5.622432900068372,7.565008108034977,27147.510830940973,0,14.09612262531448,0
0.552063959733059,2.2828599728377967,8.697955002918363,5.035746803432114,0.8002720334240605,2.486463971080983,3.4235689284202255,6.890813984156445,22674.602089994216,0,5.936290200519311,0
0.17279127080126833,0.8954028761679939,7.2194187711765885,4.253786530960815,0.5284180249779589,3.445164715601616,8.478413014046767,23.87828391525816,21437.15429573307,0,38.8904377222978,0
1.5924986868506363,6.489173234820785,6.898537355001137,3.997505512151984,2.7537575931264375,4.244468053215219,3.8194676795795934,20.205029024366365,7069.757367440238,0,21.431151477980777,1
2.667449952728772,1.8626639539481817,7.033326632980382,2.6292871355291054,3.753974505841697,4.515521308641865,2.8111950363489306,11.575579306452465,122270.98254937316,0,39.065034571860046,0
5.2969203359834705,0.6984079086096595,10.313719429135318,4.67966572489242,1.1113863074012624,4.891058165804576,0.9739509690980488,16.505007090395782,1510.4158870660992,0,6.460479176312106,0
3.071017670062408,5.4524856796785475,9.096887270073,1.730954040260753,4.459752760001383,4.95019462727436,2.9526232349043346,14.275633056292715,28991.114751914425,1,20.27018384542047,1
2.5048056362942264,2.0766620943513776,7.3102494116854775,1.3275230264983018,5.075835483410628,6.348049421659625,4.5297786464745675,8.02420601490774,196411.41144026976,0,25.04742306064911,0
4.035583213875158,5.846635252330285,9.809139184351146,5.754953392271169,2.1748834098671614,1.474367555647568,7.050517919035784,14.058013433512905,53899.9023092832,0,9.67086265267869,1
3.6962149285960684,3.427464554989851,7.3933671297506764,4.972773078624433,2.758707493775294,1.797119895044264,3.7572374044571766,9.420894886818923,21957.092645824207,0,33.4522532207159,0
2.2078097776764185,2.8745988068587547,5.57438169751389,5.7999224415663,2.2353946622016823,3.669611263070907,3.3095990982994614,20.310213389804765,7896.917961608154,1,0.1,1
0.9074148599417395,4.203342219883423,9.54521348674053,7.196055310043756,2.6421771200162034,6.727178711840197,3.278531782847619,12.146839142605174,166035.1927521912,0,18.073401677700772,0
4.262985613707277,1.5739539363225663,10.969346427714859,1.5004482991792225,0.20424153968058595,3.6961004422889108,7.7460783652537675,14.20484670284033,704.2546351753141,1,19.016011630103534,0
3.0765703728129115,1.9476272087640538,9.337059507278525,4.362993881752018,2.1017932416574197,4.917835521451431,5.55980244803874,10.075071769707524,57188.99348767417,0,15.264659826262687,0
0.8686886954251043,3.006972383626088,5.668994572847374,2.8200747715720946,3.0434143854326665,5.25628084602402,5.46763363309739,12.288264016714784,106070.48941368949,0,19.88766655318701,0
3.1988267906477215,4.172779037586532,8.464666899668869,4.840666100007883,0.06711747670981637,5.632193510921255,2.9436047680050335,16.302196725140686,1274.1213272356038,0,3.6598802253743528,0
1.7245945458117016,2.7909865689419444,8.088133000370556,2.4591540009384936,2.4175437856252375,8.129150224399334,6.218458466678253,11.890867032044259,64581.01264931354,0,23.08978344194366,0
5.236077465948994,0.4437767225674528,9.06731824396584,5.804558425284538,3.6583598110493294,6.3892883566758245,1.6995477016059632,18.59568359593953,337870.3590507667,0,8.183107058976141,0
1.4411306049989405,3.086928661865369,7.229096084696809,5.161268242883896,0.428121472711619,6.9949262847724505,6.252255639045878,16.012546759762575,51032.9298760128,1,12.031561344746953,0
4.369016405600799,2.1988137682584608,7.9997841248596915,4.369410719090155,0.3428719195497723,4.746407251758589,2.9344920691318506,14.189779563846336,26779.73875922616,1,8.102584210449567,0
5.620366156958401,2.779642391875149,6.3698755254659325,0.5562519881635465,4.784894750675994,7.9470077100598395,3.257640816706587,11.185997630232725,103732.93761616864,0,12.846655749526859,0
2.038808086447869,2.4802811702810663,8.832656173662079,2.841082236554926,0.9181172986392366,5.143215324534444,2.3886266707701638,13.07316898973539,40391.91527766129,0,19.434442396501133,0
2.65260069702315,2.439313657508924,6.425656121091193,6.839941455415457,3.9159553098171536,1.0893596083420172,4.962109192652286,15.555310703330779,69203.01228874447,1,36.445627704986435,1
3.4299645303271795,2.8669068665997792,9.156136728584402,4.524620497305733,1.9370988645945344,9.916773325655331,4.6637865928001645,5.314054320817755,44309.782291674426,0,13.211085257535311,0
3.081745146780117,4.567759031414877,7.374179216495428,5.817206857191662,5.146318538764193,5.09236520438055,4.90219386824117,7.920321618873149,1952.1732525060852,0,7.808293551599563,1
0.7847640863395767,1.157562816214143,3.7878781880551813,0.618672637635975,3.017318194945711,6.059545003230343,1.4009672461312976,3.5281532986940984,11985.56382572732,0,13.386342853228395,0
2.0417842853949857,2.133227365268931,9.6906372146487,0.6059507505700539,3.422887545183678,2.8627810752299965,2.051973228415113,14.135029542191138,4101.928495055846,0,23.346625215054544,0
4.6757480171249854,1.0900919371050446,9.2410600288186,3.0180340569726476,0.6679782401585356,9.394238898210926,4.340929957462784,8.388142682526825,5640.955451612952,0,8.514398684425737,0
2.2444388214291413,2.070014398483526,10.529413071656048,4.113312004771059,5.0322841139492756,3.4134921706388974,5.056940528984205,6.146593088569819,776.2695593083928,0,10.698339229549795,0
5.642742600782022,2.7856890114410344,5.364822239245142,4.436163655409617,7.178798036964915,4.229506379814025,4.231130470813499,10.085525258927985,27336.88899299607,0,16.54911199165403,1
4.5836380319932735,1.169248202694525,7.5181756902454255,2.4467828186596945,3.588247192590011,1.9418108661753317,1.3945505270746414,4.341261091555321,9840.396883513135,1,6.96306326286936,1
2.2873235215695735,3.1549142985616623,8.6973894408428,3.0837307572240533,0.5092141773267436,5.7291553920555165,1.5352031785452502,4.048761691187944,96791.83502460683,0,4.691286908872651,0
1.9416253232713945,3.162212044643837,9.357558839554475,1.0103286187339364,1.3669751310492182,4.436969241459122,4.318159607144601,7.268561078296926,69322.22612780982,0,3.025582756539324,0
1.1404878475035836,1.3422725697303832,6.305674093390852,3.682994134184798,3.8254019774097436,1.9128116231159238,8.945163748530883,6.938655832050021,42569.29297251154,0,8.69612715891468,0
1.1886389807223894,2.230419324819254,9.147189936590824,1.3938862258276543,4.138410602148182,4.864858144422705,1.5707382862327455,13.30923049966826,33571.37306868913,1,0.9910100983033907,0
2.2430032560849704,0.43855712182668655,7.642334637085919,4.945598175439947,5.148156817388921,5.189589919352142,1.3432450535712364,3.092536326803184,14776.885068400758,0,17.51653731153922,0
1.748455929095408,1.3662661344028932,5.71738200476989,3.2642368037409715,1.262356122724396,4.505047983918026,3.035873606273637,11.309767962128834,32213.228735548422,0,3.8694952479994065,0
2.3810184430754955,1.935168773138802,7.373978519422517,4.893968432789909,0.9040763973739221,1.3582240490857211,6.474983408407747,2.7652635840276214,51253.587297572776,0,9.476853132368339,1
4.3794334939116215,1.7536860691030651,9.271565704920786,2.085411612660963,0.4245137190744342,5.581591614459513,5.742754944564485,20.465865343440907,76215.52925176815,0,6.272933494451465,0
3.0508209627498624,0.5910023636451087,5.780052891450549,3.5557721954742245,2.0023666188566684,2.4647194067063927,4.1315342635326955,7.252457927099255,4260.580763527107,0,19.906135844786775,0
4.110151238583872,1.0248072450369503,9.455577759413138,2.2019209350202513,2.1681639072743852,6.778434032095734,5.492299923253777,7.524663760613414,61629.70720745532,0,37.988541078066135,0
2.3841138620236766,2.2215603808345903,8.925067003602644,1.802093196887866,4.284047736249027,3.8891780259673197,1.8074767866018782,19.469434585189184,67881.43414407119,0,20.06428096328002,0
3.0555856203808,5.000285008772033,8.119211384282393,2.7189678863289766,2.1771811206720555,6.855237781230574,6.733336169530498,3.6359002801597784,40932.3684535216,1,15.639783347623787,1
2.2431198667381724,4.009126906691318,6.0472037350236265,1.719934782917814,3.671459947774151,5.028165719603552,2.8241286060109467,14.0302236099804,12060.233521900036,0,22.117798490010124,0
2.283035041843001,2.714066205793128,6.167576764848776,5.335177834924601,2.8915046871235757,5.1307896408699065,4.29753197049733,22.57915506409033,38737.88614483639,1,0.6089911147535677,1
6.01389322500987,3.6171810344678383,7.9022775323014685,3.2990003909525143,2.780900962970692,7.552594779065214,3.889869482535903,9.973883834064964,34928.58149750535,0,2.6214235364806218,1
1.861016376343618,5.25270632394125,6.812589967172523,2.727302496430008,3.8419872239589994,3.369468751280838,4.789668170728247,5.5110835562670015,32285.524823893153,0,1.9947987254471575,0
3.3223765339141824,0.9372930398294126,7.999362091764045,3.5300152227386885,0.47603848761112744,2.8084521337801043,1.5585884594611592,4.52488940095458,30868.593538419766,1,2.0671874023567764,0
1.535906531023021,5.416592873103925,9.85927323602245,2.552236361661002,2.792536410504921,6.111403479079167,8.593390934771477,13.395392583491937,5873.092466009859,1,6.035179514065874,0
5.895945688191788,3.7596276335834093,8.090468173876108,3.0562578374715126,6.7119827055054575,2.371902313687802,2.3362738745230596,9.744734770405097,10099.229764925874,0,15.187973135704986,1
1.3601113584966544,4.574049041565562,8.049332593403253,4.610750068564187,2.7999656959063595,3.402442554603496,6.764708534384155,1.2633491086359727,5120.027725154468,0,2.4361580111612593,0
1.4529232450693061,1.0113053816123028,8.05052083650278,3.0953389417908364,1.6928948262473607,1.8416767731551085,5.2176176493784,11.592022965038005,13885.123581084086,1,54.70315872082021,0
4.696325075583426,1.982753755768706,10.020102896447561,3.030942909289113,2.005855222042039,7.30364512443876,3.192856801133905,12.057524538387643,15290.72598945213,0,38.51818256568896,0
3.4705488787399066,4.4178523256591715,10.440054831228506,5.407642306414083,2.3751238063396287,2.9946498486385207,1.1408080998394872,6.993162432928301,14056.900679009032,0,71.25858218615042,0
2.243778179558153,2.5460602075477476,9.132900568260265,1.264980561079716,3.3936776938694213,3.6914412480735055,3.3267820420890253,16.82097732783461,11844.953063583072,0,0.8685921003428902,0
3.80680807328598,2.3121024686283924,8.704887276097589,2.2671935695132146,2.7790315645861834,2.4198950151016843,1.09940435985958,0.7145263902984857,66480.96735206593,0,38.130272289213906,0
2.527384697197175,5.268198911496275,8.844343922283942,2.6348454993506576,3.679422273703614,4.22915738767637,2.7021369572607794,13.831026344385808,85343.00092876908,0,32.56569562728896,0
1.9184179202086682,2.3330830747946867,10.641927853379629,6.397656642821836,5.884851422886581,4.714111270922337,3.5972866021941137,17.093758042414745,19808.612283774957,1,46.477372704975565,0
2.1777087913042306,3.1115695134245587,9.21437914013083,3.319623051737049,2.2066704954181104,6.651954112874014,1.0199957487141806,19.408081963825104,18201.445313872504,0,15.013160230716384,0
5.469541833338392,5.246660910444561,10.783658364634817,2.6656323970198006,4.882112861374164,2.3560873561393447,2.1686727224623583,13.915542044365647,92905.33317225796,1,31.0129178020016,1
4.320278193633134,5.59748196328072,7.871372722019386,1.0984838680406197,2.8782632939258064,3.7981561341593686,7.112867849765675,8.505165656366225,48898.18834417225,0,1.0529764507044204,1
3.3752894163720697,1.3000533513897383,6.496646470447832,2.13381490863874,2.939645654706862,7.84547693510664,2.0090253489623557,11.175495866710484,17367.23919184633,0,1.5782190724629153,0
2.801225539599779,2.266906582078569,7.496410774051423,4.667350672741549,2.877006237634519,7.082119609886614,2.471572937513114,5.159040095446388,62520.43829296582,0,2.523337058237858,0
2.0469271636460635,3.9422686523611117,7.655804603871953,1.7228575473805383,0.8251324957173753,3.644389448505459,1.1987175935394698,7.1640803548421825,21124.928636680044,1,49.25246282453298,0
1.9782889115756617,5.965756479476296,10.90679189160444,3.9485748653895616,5.833618906368194,4.901053729352722,5.121527399156985,7.657986386142274,44161.61350796046,0,1.2624033365090679,1
4.200987516052238,1.326139166973097,9.60462061680402,6.243211879911742,1.9051667654578077,8.936070478616365,3.128524934156467,13.447153227290574,245544.22660391295,0,2.1105334047504782,0
0.945684310647346,4.0259383540597495,7.54381521352358,2.999923191741261,2.067737738508192,2.612035459915009,3.3999756620186283,1.8453511616694818,17947.761033739553,1,53.302803717607944,0
0.6833691093100049,2.385560875537755,9.712616765399046,2.333090572916114,7.95461636339008,1.1574779844997307,3.591000557496435,12.172989534424685,133340.13536598018,1,2.272168321603192,1
3.7337115119161544,5.207941326840836,8.305628333362026,0.9695451074192386,2.4786166643749548,3.9278113151636016,3.648544243839801,6.942817251661591,19331.118706691137,0,40.766959165081154,0
1.8149745939782989,1.4495928591700526,10.951827538115449,3.727512767708,2.8279668597954744,4.833244220820183,7.039630651784056,21.187615120999368,38857.61270963874,1,31.1436265091546,0
4.68820350820886,5.300851166238831,7.999448132966432,4.081913275926881,1.2349899852771158,3.3956090891937873,2.4188362017232286,13.580855909009838,30807.806030667445,1,0.8223155144810945,1
4.418376196321603,3.9113897718589867,6.191666114382118,1.2187871926751273,0.8773663159319938,6.953819866833013,5.678828627995525,2.6552644487539463,76429.67531278207,0,0.4417917043896153,0
2.7311956524215826,2.129687461813435,8.219873400248975,0.5402791444978186,0.11554188675742788,5.421311380063024,1.9362351819456607,13.137945408469553,3151.926307011684,0,15.288068667556923,0
4.4173923258299155,0.6885748190542336,8.000268501884056,3.6257968433767402,0.07089718483099396,3.791144464071014,5.23529719334166,17.706317002716464,49325.24030262234,0,117.3877970177594,0
4.514994659346463,3.4950936550246143,6.485160028077522,2.718481650769222,3.663382345526225,3.9220260232497823,0.7260967761138971,12.221273284788314,71494.9579417273,0,42.21124164030722,0
5.143025110676812,2.538970213381382,9.37886763591746,5.638072881888995,1.8730633361669193,3.507304213206239,2.5954820735805635,7.893065543196245,31946.668632638393,1,7.422010840571209,1
1.9848042283768557,0.49966501551172604,10.637078245475571,1.0932703948093194,0.9373460887879306,6.659467761974739,4.639226235014943,13.062299472783142,5562.927442059358,0,9.765282326559223,0
0.5624495924290872,5.3904710402580385,6.816273514415701,6.439947856942892,1.1109121911204536,4.0549320294359505,3.2484869917575656,16.615922636030927,14038.965139577162,1,9.817388146941774,1
0.13096916111202184,2.180087472010178,9.959065589383261,3.416829705924527,0.2683288942168812,2.614179041466837,8.637726524516706,28.94254711745021,56920.5481761889,1,26.498628729992838,1
4.422153449338335,5.118208698936791,7.590053759016794,3.28950182202297,0.8855926130457749,6.923802761028005,4.1273486372025685,19.843526503645336,112898.46025999277,0,8.344664207814162,1
2.5632882334803817,3.63835500599997,8.46292216506509,5.38964543807692,3.6833730381519603,4.4471950335239985,3.304740723514347,15.76467440085268,27375.224447727,1,3.198611792833133,1
1.2008037150759632,5.445112071782317,8.305341663402311,5.717428346355749,0.6450541130810516,2.280200293751607,4.980246804462003,11.727311076732178,41095.8717083258,1,27.495808405062114,1
2.906548683413762,0.21424560859513445,8.462933702396613,2.524999485200274,3.393586529189145,8.425643439732182,4.023401354497364,3.755896829923503,12963.480280624834,0,12.250361878161115,0
2.48426499061781,3.0393615862501595,9.209624007992586,4.333426399527856,0.9365574327035573,6.221093873261376,2.6336005971943752,13.267381013006123,26569.558793899632,1,1.5977267445407575,0
2.7311496256388508,6.5204653487061615,6.963726039328398,2.92081880567193,1.4989208745430136,5.092498124131003,2.960230854870271,7.995269074912049,20533.165350996584,1,31.21793353652108,0
2.3103274537339664,1.4106139002088292,10.439950163659343,1.297725967035378,5.33033845577362,4.576307888922472,5.263763842990831,19.074319443875318,53286.76754236948,0,17.60454147564768,0
3.977583849607771,2.987765014304245,9.255314135075144,4.063492860285182,4.549215770700418,4.439320585314839,4.530221951041443,5.827468416934387,208991.69674821975,1,13.442174002498312,1
1.2280995074610728,0.9442851918802522,9.75337416450959,2.7461820130762096,0.7861210485622218,4.3985226809332705,1.3440338359670676,12.5362364925787,83913.5359042081,0,22.3769019990166,0
2.4431246570620364,6.359035595895273,7.329901070612327,1.9230523571932976,2.465198198676328,4.452852912977953,4.116681846870692,21.18464343994389,10669.846771255086,0,14.078811719955585,0
1.6905503117317644,2.1821606088093306,6.8278392084441295,1.9958595254554923,2.357053521472613,3.820589410977541,2.513963995098573,12.03924518418184,43099.431380090755,1,20.90636837069185,0
3.630143517577401,3.1548241620622397,10.274070147811605,4.417205346695602,3.167514342482631,4.793300445832946,3.6335351869200796,18.47784172496906,3435.987311688269,1,40.42172374438816,1
1.5939157930324253,2.6070792612118883,6.763376131204302,3.24498624015725,2.3414647314812265,3.781043614981186,3.3633008241489186,15.829693573163034,14178.891110570285,1,19.013211731548513,0
0.9801246109614241,4.224273898295277,8.723957861838162,2.5743729969325573,2.026373635323949,5.446908572278033,0.9801656136083661,27.679469352722816,9450.25264761251,0,21.552706896812236,0
3.2587444392919904,1.7082926524558277,10.028493747531911,2.4848958328285726,4.844862236279116,4.953045845622442,5.487176387785819,9.263207092078849,20439.446617804737,0,19.03090203740405,0
3.065108052415546,2.5658631998016816,8.30979704634271,1.0963312561701968,2.304833492108589,3.5990511205305413,6.352647640135466,3.4090782827956287,56786.73940151333,0,15.150718104038756,0
0.7671218365016587,2.6515744336502016,10.255115594544447,5.162184324513869,3.151615644803049,4.826358581424087,6.743539640460914,4.075112258447573,34596.72749637023,0,3.7741761014809185,0
4.728620841435421,0.6069065270309633,8.092662544309247,3.120089372074593,5.185409222195813,6.085878524009776,1.7112405020115296,3.217085072993112,135085.4622481436,0,8.179755414867042,0
3.1570110112731165,0.39814195396608065,6.583873001828453,3.8745941434570925,0.514415287819636,0.4871722032999761,2.6508171297717222,8.115050636408537,11960.397266300613,1,23.62525073873102,0
2.0630964194203893,3.354249355384948,9.061258811663226,3.7553335185837384,0.29779651014045355,6.156396615574172,2.061500488274544,12.818890921987458,22644.280801752328,0,11.084271856620973,0
0.3867293865424374,0.4610898882254193,8.79744405057168,6.478923680098207,1.073364130719155,2.547239456487026,2.263990759058424,13.582991612592165,20012.87780815453,0,10.42186349956879,0
4.1686700560783665,2.2876947246039814,12.531964365711115,3.327742961170326,3.1661495850285863,4.082233048188459,3.4536576534775074,12.656053460649089,13456.994047442247,0,28.481526634857346,0
3.052640817200645,1.2774179627077422,7.082336700830471,1.9310205813692605,1.4799949807896298,0.0,3.435591407633145,10.140139786092526,249327.1610866153,0,0.11168849074110858,0
3.60409463644948,2.880155464028137,8.122229342005973,3.4447998513799543,0.27223336346082394,6.131323421130349,6.871988812480749,28.870356729558576,24487.917392630985,0,22.725939210051482,0
3.1965237212640534,4.1482868396751025,7.403701569724419,0.49492864393858393,2.233013577215569,3.5195279790100757,1.7982801250397005,12.339200297326869,141096.49552942044,0,13.436581122237998,0
0.6039203154803854,4.12519320532224,8.286273127642305,2.6981162400941203,1.782159053749774,4.000379315955188,6.090912261900373,16.663084876710194,24753.640492392227,0,9.45655486597259,0
2.176756192715158,3.2382135747885106,8.225796351390448,4.381212921261967,0.7064547356895876,5.181320266228347,4.752512258754862,8.128914767838506,11413.563703406771,0,8.32657645006191,0
4.233910425225104,3.1353705931765425,7.191550266909237,1.8506821432571985,2.207835005583197,1.0583983678135844,7.017820607131804,13.864001876867455,6346.594051155066,0,3.796000909793019,1
0.857535961606485,4.400307639755862,9.202356414545331,6.207124334158967,5.961341848189755,5.124116529410792,4.236086725271085,5.959927777799932,96745.65950485622,0,8.136883654349544,1
2.4114210026316805,3.212658186958191,8.178784191865804,1.3029222931317888,3.164003787889337,6.296493086734817,2.7738020170912177,2.1246643472230464,1631.20325314075,0,9.932487875758625,0
1.0682136950093097,1.8063380661030148,10.51822445182588,4.400733110247321,1.0779396220285413,5.348402684718142,0.5432524241640306,9.854509439552155,166762.88198677072,0,11.505466782302552,0
3.9399743206671656,0.45701845694458626,7.527164315067023,2.4698981954280677,1.0352263952184995,4.2122989277537535,1.9205960271836087,7.367397260819942,27080.671390974585,1,22.31317344498892,0
2.5572263337086576,4.856923468537112,11.292059606977332,7.117881357679692,1.4032477244526946,5.082306252806329,1.9399309161172715,9.36862015296591,14209.366049737535,0,12.08701866017475,0
3.840811292272226,6.518362739185918,8.913811009562723,3.3299299660156074,4.504121776148774,4.849015257107327,2.3510630566874102,8.782522465526753,48044.29024108821,1,31.82059810644812,1
3.6614580595245383,1.9314955151795596,10.407000159377649,1.4949659663736414,4.6158378309619295,6.517071480210195,3.230189999935122,4.4959184865635,7130.797589997026,1,20.418474543580633,0
5.816434885743039,2.0605113739292036,8.673180198434302,5.398899117098265,2.875592192235698,7.510020433727002,5.214668809125138,5.566132618387922,3744.021328410615,0,4.204474445419008,1
5.621775612709531,0.4119536324293344,7.3290184002160395,4.088086431162632,3.4412656466109692,4.178333146855667,5.64239354559894,5.111164569119959,87950.1006427685,0,6.491712105014446,1
0.8844444030069641,2.056788360416841,8.104718619761302,5.116800293436019,3.9319040374809964,5.463055660600948,3.8235536831139787,9.22100777983977,27640.641808454264,1,1.6513168014964537,0
3.446235300029249,2.5109787232048446,6.4198476837434715,4.8968356552424375,4.108789731155005,3.6648342058820997,1.424621770864659,0.40543702916033897,36517.00840582312,0,58.27263550952529,0
6.0956547221732285,1.3708514515114265,8.33269957570974,2.21891172732754,3.60700485543878,5.8334156392819425,6.33762554943302,6.465498138062888,9721.488848653944,0,43.527946190786764,1
3.141309765261968,1.3027400524247832,8.758139314197745,1.735223233278379,5.845756767955375,5.920248583276339,4.732369166432725,12.339567769999025,3169.585323818032,0,1.7721706815271938,0
6.479463612947148,2.722655509331233,8.568584193528167,2.8478462282749333,0.6826576350708193,4.666412095240912,1.2588356796656732,15.505673856279005,22925.586353448063,0,17.069887791834546,1
2.2650191954925245,2.4611140006925436,10.495235837705296,1.0723958022570175,4.683683402876194,6.038033961281358,3.3791746412866814,8.123591176764068,35275.79315387233,1,64.57944185210613,0
4.5322670594510175,1.412021092298885,8.276299253405638,5.135392029808479,4.3769457792480635,5.006385696786105,4.67835841168519,10.326631449788291,72500.19396608113,1,27.498606734398884,1
5.996218506997747,4.861145992171175,5.659009610736675,7.070485332227889,1.6553839732297666,4.903870312452371,6.2930968915627625,13.125525393363569,34762.669877472305,0,13.538084056331884,1
1.3623186235398355,0.14780399990921697,13.816097516439672,4.637786133684421,1.749713175748079,3.2392705732668103,7.8644257233568275,16.880673551801962,76279.43470982369,0,5.517784021046682,0
2.361379497655822,4.539745004458399,7.464087187775015,3.6441837044260055,3.9959921470644972,5.343925645716869,3.9614902998352837,2.2450357016794036,6132.838508147823,0,6.543351295374025,0
6.046614565204122,1.4232334105250088,9.953117663186868,3.9511548530707503,4.269110549572751,3.8441689480551444,7.159178281336873,7.5682003707013035,3305.001491908567,1,26.65415851484418,1
2.920487185984639,2.414851680834715,6.243629993432768,3.745824434161994,2.6621547190115886,6.739363528840829,0.7227462372513436,12.422251889191925,8649.915530425715,0,30.334920715538093,0
4.004222737895427,3.3406224991965594,8.867818260202531,3.7785761620089025,1.134910313702007,3.3135994714226724,4.7357683294189,9.082460392624238,73923.14197753463,1,15.044925616462157,1
4.507710944195558,2.810880917112684,7.308181287892951,1.3487638326950138,4.319289596004652,5.537679447116896,7.6180891309766805,4.295649300747881,71216.47687942894,0,2.5782404590117283,1
1.8480186641013243,2.061293731635253,4.26604756263321,2.54843216183197,1.3256971826567168,4.478753737723527,6.788816252487525,9.977745054631496,7620.73131182319,1,54.32216368037175,1
4.101929338053977,1.8514483032691873,8.075785007436181,2.786375070676633,4.825203326745004,5.53264315060273,4.506146685084172,15.494606419173271,1573.9481284103629,0,37.25601175455262,1
3.4973434990572008,2.4593288911295916,8.424901962654253,0.7268031003075787,1.232901434008388,4.883399075473856,9.138770726905026,29.70881627497491,57803.9038267099,1,3.028991466018115,1
1.7561919698936395,4.382524363063503,8.17167111451575,3.957031637038585,3.513765473855601,3.3639954993603682,0.9492072578077797,18.930617853646076,96648.33799963468,0,1.168003107662077,0
2.052622268743936,3.490695177338801,8.864670022425575,0.8086728512993404,1.1358427229655952,7.187570527054887,1.502278922111714,12.871764611196326,70143.0812766537,1,15.351712018409467,0
6.085560017364287,1.1797091530700015,8.095737869911224,4.416118736352242,2.772639728061824,3.2256623021899933,2.9138829674875035,10.221907553511592,11332.420596884474,0,6.685486372697848,1
1.4165877053537308,5.547513375151625,8.60372472420482,2.6343696847100677,3.533401141903984,6.2851485783093235,5.72627920695556,18.152857284594326,43825.61174744976,0,6.660555375956745,0
4.3593946275941,0.7677377226121533,8.755168002481444,6.571465469275069,0.8584092445611888,1.6032402807098696,3.4609781341026036,10.10745402577248,70809.99962384648,0,1.8252427245007072,1
3.0823653301859713,4.839746396768906,8.447232866844349,6.22005558712074,2.0086191573870473,4.422155974874503,5.4776365391122495,16.20582790196318,14774.201741268673,0,61.31701639809915,1
4.550063988010734,3.67693437855412,8.243836251696884,3.071028335521478,3.5148254175258398,8.058372246941401,2.226596466240691,5.855798548815839,37509.24728773615,0,35.45872992212078,0
4.2754908476185065,0.8133912099374865,7.159519734556589,1.5309945965503484,2.1981063035401998,4.4491030692703815,1.8473370382941594,5.006841392665003,18877.45096961598,0,2.4170330983332198,0
2.781861683282088,4.555342931594335,9.391668406006172,2.604254308519591,0.25374930422094366,5.192945642268419,4.28569618342676,9.798305347378822,12781.749968472408,0,41.846283618771885,0
1.8524055235766115,3.740042746314323,8.07550397905021,2.3604471614439775,5.5368023126242,8.205221543758306,5.538629730131188,3.3713956944832075,174648.08195623234,0,22.974297799808202,0
5.553171992560851,3.4039059318099794,7.954261411678151,4.906840372792126,2.5052406518593595,4.714353904081168,2.1767996203389526,7.962273294962072,121852.6807361607,0,7.873926607750153,1
5.0318205794108355,1.4677516247992861,9.26844146575639,4.083219029917769,1.068267354976661,5.518012318513302,4.155728542451175,11.050346605300184,29499.55041978496,0,40.99774091169017,0
3.2184672035858473,2.6731000106425498,8.817937040502345,7.033455498808317,5.579973191805565,6.209277769099112,5.960321082840927,11.791962109765095,7354.1724770478695,0,18.227167707475825,1
2.940375021670958,1.6045474274024674,7.452669518167631,3.3765536290475535,0.603850425877762,2.240614704134199,1.2223576614387386,10.889008251066759,65080.62370644269,0,37.765827352673384,0
1.254493851034331,3.0505491860505534,10.375987964407408,0.2557642183559024,3.4752392544364397,4.028976297401127,2.4562760527535357,0.9093338107550579,14765.630899735963,0,12.669959019315314,0
4.444012505601112,1.0389755243693712,6.71616402263143,6.718729892393885,2.7689470942438454,5.259741334530296,7.279976180598117,10.067257734375058,9227.269734760523,0,13.88900218653518,1
5.757688148776428,5.8561777907712536,6.952788184133883,5.354351992521896,1.386677546440914,1.8082840400669484,8.183123872051354,23.50257120341071,24025.250228046298,1,6.8782779680945225,1
1.2381086556612015,2.8277292831949334,9.502530951765188,4.6660281095691865,0.5694370107178239,7.739609090385184,5.4572265415530685,14.326087812407506,37735.154018023044,0,9.810419703066646,0
1.4174247492062755,2.1349160042160205,11.126703396121666,4.851730098908293,4.573587323266176,6.512829096104889,3.394970680548127,3.7069133069739877,5126.023720911323,0,16.775118826173415,0
1.8727519902269187,3.5595897683723994,7.633896711655842,2.7878079852683317,1.8985947184636955,6.214967120033613,3.3220072928155147,26.35680701058718,42401.995304079275,0,58.7716283736632,0
1.9126728643193613,5.734595733853664,9.11923205909972,4.696970623691901,4.262807303216356,7.639992897039345,7.811685696720131,8.780411596895277,773.3690165804693,1,18.331703502773117,1
2.750086185191396,1.639735907199302,6.7114546625974665,2.1980490955899508,0.1838973354120549,6.446491960834395,3.3433963519803234,15.403245978666542,111220.61921538759,0,3.1887839297857186,0
2.594732652222252,4.138082018946277,7.106522025866042,2.6841334418789646,4.582440506830427,4.540219194703876,2.9400762876782287,11.132669669169264,126752.1502289641,1,0.14041547061871093,0
1.1601733753096195,2.933154218576188,10.198297287581022,4.40809503349952,4.909565710423478,1.7355128212092632,4.0645282284745905,10.383070874886076,66038.58625258747,0,38.0745493941002,0
5.878548997680135,2.4207956740808183,9.048644546135705,2.777433368605053,3.283901076309601,3.6375761966578706,5.415463040231614,4.716520609148128,31419.441233219415,0,9.06137037100285,1
1.4184427607987107,0.27126752195815734,10.244844632711166,3.249762204398146,1.5555897814100392,3.69552533385503,5.3808624667407345,3.841529916530093,14711.59180757724,0,7.565734376050763,0
2.6709409153878365,3.306799193500325,10.129463131654528,2.328749150273614,1.9185398867475163,6.237576620272252,3.673577354915282,5.495550056482317,68150.78923650848,0,32.26200450468413,0
1.6934940183695033,4.0271808547001315,5.365675460323939,5.299616300538026,2.7821302538989596,5.16178884996343,3.920986696220793,5.713488618663409,134263.48439392337,0,58.14135494165818,1
5.051295998717547,4.902794232319584,6.706068489916618,3.59851451407583,2.3330252634508355,1.8690536753716827,4.58309492746728,8.051762902085526,8630.465975374553,0,27.57010259021486,1
2.1522630115591284,4.097408355054224,8.911713702366715,5.451213529013588,1.5613893006662485,6.730264182319965,0.8858488383294293,8.56933069483669,31351.307109836816,1,3.8195134269444617,0
3.0267928438841163,2.3165967049274276,5.95436502858916,1.3278747248638068,4.860401084096157,7.658727982428818,8.152170611699749,21.39450202910817,18935.92320494824,0,9.931167520432153,0
6.043368946581595,1.3816533619505016,6.918542436093881,2.0718742123099902,1.0109343753926623,7.95107790833722,2.3962484417521077,20.64210164690885,22060.453155360465,0,28.492269179578905,0
2.2644282471136643,0.31426297406720205,10.640451106615615,3.6507730795655973,5.034074236029325,2.7401446371598572,5.801353559653368,12.498974569327856,26023.413359336424,1,47.487168242031174,1
3.3001023491704746,4.213183685883099,7.687651185083673,4.974124255143206,1.6221317558090393,5.643140465305357,4.416745503972125,23.875816313666895,151616.02089416108,1,131.426574434658,1
1.5526763571837745,3.3242093563212065,9.565447867931553,2.7415535926414702,2.8550545841387875,2.9872594739719895,3.951938889377562,24.14874322408972,14963.256076329928,0,14.330809944684546,0
2.640383541633144,2.613980628810059,8.457747594771492,6.606530086341329,4.355010362830541,8.878369401425317,5.7629556283687355,8.504696696284489,33930.25545385111,1,34.57849002974823,1
3.8705557101692327,1.3597794871736024,7.4800956185580745,1.433676194173714,1.0343874209230732,5.061155096027153,3.903809350874012,5.609315538763381,151296.65990724266,0,0.9550785233156727,0
1.2195815794277094,0.5855693160632409,6.0036860909492,3.3970961095912235,1.2590147486314864,4.259627094549446,3.5928376325293416,15.582782126714633,32318.608483703727,0,6.732537964753186,0
2.307343681279402,6.014318584295841,8.849953159846565,5.980935336269962,1.9694102270895586,3.891570094626312,2.165906522399022,8.615118147804967,99608.00143021179,0,9.288811542200127,1
3.3743284497625052,5.42582950337692,10.681908308603294,6.704030607664498,2.7371543405940866,5.668070257912983,2.8250470996779082,18.96912942086151,3028.1098242773674,0,74.20111824369754,1
0.7241046297913235,6.298113016787912,7.522708780351367,2.8343682462467665,6.268909001624468,6.0312286015708585,4.362176640183533,12.236606074739367,152912.7544071362,0,0.1,1
3.7822073548513973,5.844102972718348,8.60289753134329,0.8749092362880155,0.23837842471375645,1.703885993202566,3.9032744486054813,14.674422477517615,10383.88501571676,0,7.363985833570636,1
3.1943439979757686,2.6239306334464056,6.220316794972012,3.0501773765951192,1.4605700126575594,7.7937277861046095,3.4097668303985595,20.906659476021396,195439.00031017067,0,53.303337420409534,0
1.9725972017809696,1.3723390477446187,7.49173721312493,1.301386937580168,2.2850525731274547,5.941826127115904,1.1803686813554821,11.639918764441312,9653.568391981122,0,7.325221605074271,0
2.8717210051402104,2.1205340635920895,9.011322489192342,3.1264126738951186,3.577082412208732,7.777648828289976,6.7439841547343935,7.549105122240418,29382.26904570626,1,5.099568055560595,0
6.0082219186170684,1.4378316666901567,9.615573730599719,3.4488655530321872,2.1951759767424526,8.421413305667338,3.3516491828738255,11.707014968133592,18452.885573314423,0,26.19322387723601,0
0.9712260572285624,1.6497031625303862,9.33392312493728,2.0172335373713217,0.638571054669449,4.801171421368395,2.616721377228823,4.164432007495865,28390.21043248713,0,27.35643219746666,0
2.7500735391621127,3.507234479976579,5.452673033879145,4.184041512064577,2.1924081916208893,6.71381411636866,4.6359254827121745,12.186155851020136,14419.098527868115,1,12.779919019853839,1
5.045933992123101,1.236767140023194,7.814597741297885,4.335956754681173,0.9961149481527176,3.8484331413139823,5.408015948878847,13.69888033412577,168075.87585200497,1,58.71814808430484,0
1.5951835961325391,3.0013012906441636,7.0490783345580645,3.9668567585018817,4.335082378407156,4.064564913565117,5.814778209204725,7.760970147057366,18244.35602102036,1,4.530662778167414,1
2.1444346597451256,0.8817666749276759,8.036457586274434,4.104384386759104,6.431852701046924,8.14475726608928,4.766461777059447,14.954980915607024,52961.15334107756,0,48.93276641084299,0
4.6315732764974,2.813573235923288,8.333212846768982,2.9986923986401375,2.493076745948824,3.521792500194927,3.348858146037098,7.049911112160414,7392.962515262004,0,28.17146006872203,0
2.7810240669822206,2.627604540410931,10.099527836792856,2.9012284543145705,0.5486225094908145,5.392937502058522,3.47086805247878,17.441713977936566,86973.76647671119,0,9.18391184865863,0
1.85040538482732,5.717220352780182,8.942855555040289,2.649609532000797,0.9410695106637141,3.184486625051265,2.2817141341968803,19.087240613410508,39099.78786398108,0,32.89183458388615,0
1.1455555890742457,0.9787928660380362,10.626747959330627,3.311701259584623,1.586023449509898,3.688789386307758,3.4252872291024388,26.13367222235551,194235.288426817,0,2.858990403668763,0
4.2289505550988835,1.8090841061389793,7.450734528359231,1.6699852055045423,5.227381820781724,3.9897584292408097,2.6793459159306505,11.320445753545787,27530.51692247628,0,2.8078401599406617,1
6.4406796345241215,1.9189297244548909,6.3743851631172666,4.473584366921692,0.9689323190222805,7.894291655740535,3.7319780421955966,8.71153799457522,10873.47614117204,1,53.16726685235378,1
3.083255266751108,4.378854504808222,10.682863961230696,3.6176619672932917,0.4105573332220689,6.027536668803543,4.2322160581296515,24.346164047830293,21233.848953996658,0,1.9915566384205428,0
4.105774245043222,2.7657048229760854,9.150182856850947,2.3125350666474125,0.275911734780798,6.683717645417074,2.679259514924788,10.899923332884654,66773.5240022405,0,0.1,0
1.9605420588440752,3.6008015051103848,7.385092348961655,1.6264492648685471,2.8330877219572095,1.3863544043196265,7.147839035154375,9.9310293111056,53809.26143929533,0,9.854164509001649,0
1.3887477350878248,2.9820374710933635,9.15673431776543,0.8845520832609666,0.528720231409106,5.069296873519373,7.8211129625088915,7.602985288568172,75332.20110112266,1,2.1929711331788817,0
0.9852676123919558,1.1032125402614004,9.752889350799148,2.826753108675714,0.7141850628197438,4.235010679873941,1.557183230486068,24.853292934761466,3815.4584615669605,0,39.76081525367015,0
3.6726113123900355,1.518890752929192,8.678786219511387,2.5756166051342806,4.90412727773404,5.984646127824682,3.0044608654507687,18.281468816175593,43418.94949698982,0,51.19954825692771,0
5.07379334573775,3.90328238498523,7.406445357960193,6.038838210786713,2.910265383529373,9.813051737164418,4.27959046212898,18.01319432106005,134536.56000528095,1,13.172069457326234,1
2.364619685412546,3.3110688613123673,7.838105792716487,1.6886919368795086,3.1577722606267584,0.21888438995951542,4.050314189831025,27.859887098862792,5708.959835433739,1,11.084112640491288,1
4.056361401586,2.008776114080248,8.935932246774703,2.1575815572577492,1.1731024732335138,5.798898284392214,2.7544389465709673,10.620267145851551,4954.3042186126495,1,15.488848781201046,0
2.6490977098893786,0.4897961730116127,8.79833193303353,0.694246773941551,5.291197084473326,9.409571218242299,5.393300346538585,24.063382122145832,63045.56762035024,1,5.128697806003691,0
3.808117943964557,1.2330677773666152,10.318390086678122,3.837560966573184,4.461173207626756,3.9804243062590317,7.053978309482608,19.55879477228765,18930.141754819408,0,7.0754649136677275,1
2.2533174704489527,3.349205797884951,8.086134681396954,2.200076008223692,2.4607882562822776,5.299678107629376,4.004014014596626,9.513051293580528,53731.97876118304,1,2.1289370097625087,0
0.45153695170606273,1.397202806821597,7.054359102436724,3.9544120735016746,0.9180212372817751,6.3531398567791655,2.640908263200447,13.001202170303031,39415.16504714121,0,11.82806722542631,0
1.6436603283956177,5.791007161606667,12.365581494355048,2.9629261092036163,3.2991675133787792,0.6882185215472463,7.076363389837188,26.16600254710316,213673.53152526417,0,18.91910935501283,1
1.9143069972773934,7.4194480368859415,8.761732299231603,4.494579912733688,4.265860006651974,5.532368662274942,3.166457324646373,7.400040160865927,109936.67338664275,0,53.24922722604416,1
2.616461141449531,2.29838746712316,9.751394136834305,5.159504662380753,2.3994322440147067,3.411870539313746,7.23842666697314,18.621782286878666,56671.489434052346,0,26.87030516386066,1
3.5639372193893863,4.154026027994106,9.28277255803882,2.0455117664192826,2.2445601460884177,9.095537581173573,2.6793611678679947,4.185314793323595,15168.533275213285,0,25.679357685959488,0
0.8073936672491931,3.3250620488610934,8.779861657841334,3.5380019433354786,0.8592907699258383,4.585257586127529,3.9228084466015565,24.678821838372237,15184.351029667021,0,7.363356470031562,0
1.0845747547886784,4.26517797894386,8.158384403885249,2.0794340513483043,2.8244148478344266,3.57931952666181,5.713134935694521,7.6678532186208495,106956.94491877621,0,43.83757140641642,1
2.4552664654232528,6.609010846342681,4.29427644496312,6.366207390557706,7.0518003937966265,6.69326324206631,2.210037013701298,9.904821494456321,44014.94703437436,0,58.73255605822933,1
5.453972463065507,2.9309906743807863,6.905168138803269,3.99808211740528,2.5406126504284354,5.976025430803736,4.961897306120201,9.775103837692688,77861.67489950014,0,53.84243565449231,1
3.355411391283527,0.13338125594690553,8.993678820125941,1.9116325107009404,2.0124036738098945,6.791869210736646,6.9340180419235224,5.191856254417654,29879.50670119781,0,0.7915184763696198,0
1.1193257488627386,3.3712256543589203,4.421540142989658,3.1227342444967032,3.4492035912837125,8.82084768074785,2.7329381426061006,13.020568281839813,5439.075621762768,0,18.544538103559958,0
0.7861861954219991,5.170278545537692,8.60742758906542,2.421775376721671,1.880270896238658,3.8295853371219923,2.118294432556605,14.266078543777107,20224.763295830828,0,20.613004886635565,0
2.23249559977923,0.5722794469226917,9.491845766296485,6.240831433901576,7.854642812939606,8.438071667271792,6.438264235091179,3.4684649108366523,8786.120613535239,0,6.9929981256082305,0
2.393448930531098,6.068938944826025,9.749917925655149,1.092785779281271,1.5973630026135504,8.754896071918925,3.489970397754397,12.045286839307618,76124.68064888351,0,97.62422730081347,0
4.6916508399867665,6.435601389477846,9.397232871197058,3.83216607465791,7.502343117896211,3.462998093400512,2.10923789262424,8.607325340139129,60284.04472359926,0,6.883283726147736,1
1.093010128782777,4.402367281231249,9.937587927425671,4.34292488131255,6.032828610240697,3.656712423728095,4.016759850284432,12.108413529168207,4628.407860676959,1,4.8825347875790275,0
3.50841738423868,0.7909472550479474,10.908417074862816,5.278315832666099,3.2122514679624854,5.0944450430334545,1.859802307892613,23.108975461359865,48561.82372765006,0,13.238616432930572,0
1.1473327681688954,2.6411880581258145,10.144176903113776,0.6915521992794037,1.2461213534178972,4.600645396287071,4.714376017857259,15.11417446563992,103627.47015420649,0,7.806034502922186,0
5.209560844968074,1.450596760975019,8.795247098352895,5.16199815912284,3.5072498808345203,8.418110366647163,5.203083097588966,6.3880692690288665,59761.274592934475,0,51.54819287422741,0
4.629191165410449,3.4464245759930123,8.298070217840872,3.138827172839574,1.8336272803646354,3.2721505923491434,1.2116293772555617,7.750773427795813,35781.08383043782,1,11.599110496920385,0
4.458084306295856,1.2057825936537216,8.671956811829038,1.095228621637058,3.119559198758985,5.489317659328816,2.234617742205103,21.49071563862435,18688.38735190692,0,10.557725134207878,0
4.507456473585096,5.177780423520806,8.086752772487921,2.1275941672277923,0.8866551236778095,3.4690270917278574,1.8390905502641919,9.932913162385539,109061.20090181527,0,19.662618268473192,0
2.07768701685737,2.290506178869762,10.176371098368438,3.466888401856022,1.2502256754539587,5.216936289677522,5.953174138938562,3.984190409879329,27478.745521798413,1,1.6918788540950507,0
5.530846398930729,2.1150460958675006,9.358150312451482,3.9992184689477828,3.726648696386255,9.28339599472764,3.7130160942287564,2.6738763395983516,96686.97867597512,0,28.271909095772095,0
2.414057853315312,1.9627872082327023,7.9283853183299104,3.2867332532099924,2.8781906475879055,8.646082501211822,5.2747298098613715,16.687616600377314,76392.85899518465,0,29.254768921958533,0
3.5219914462398454,1.8236175387586815,10.486131675418143,4.472235895706989,0.15454379490321257,5.757049727157106,5.612450784906632,20.34496282002667,84702.68948651232,0,12.850063658049404,0
5.623335554103934,2.522517475269617,8.062181718948084,3.870150306374981,4.128016351055067,6.259539361274406,0.41035738734831567,2.906535848068002,229256.223341695,1,62.334482489310076,1
0.66028107172517,0.4065240918944571,7.081342530890083,6.186865600269447,2.228670731273838,5.942980356897929,7.3735917874948465,13.999108354182653,69067.0357102508,1,17.31856517412386,0
4.78010362793978,3.5781879636632627,8.483886180023807,3.169419283932842,0.9216067652038793,4.391989495755928,1.9387420707674963,13.148108222654715,1731.6911093934566,0,23.764381257273385,0
3.6195574219105255,1.5550326169247852,7.2637997744924165,5.836566807311604,4.980037528181644,8.833096673335433,5.475123654741396,12.201808692387615,11497.957175588854,0,51.631423178466996,0
4.016190764260652,4.2356981845144634,9.90430860630588,1.6403050907951866,1.9149582804720229,7.639101250902735,6.444802708145656,19.321166879915232,1791.471320514347,0,21.952975665258656,0
1.447690887902212,4.46852193694835,7.231851724292538,2.1048806561528277,2.1793455694420536,5.468745526676807,0.8747514906120079,2.65884359504853,10530.716661620247,0,11.306551654837605,0
1.485361833971406,4.449458737235301,8.326945557683759,2.2165515940473894,4.035153240689098,4.566308122868909,6.525415192910481,6.186920504096731,3170.398592392103,0,0.5016628772351907,0
2.673122822770018,3.4954938806052387,9.909561237918387,5.767111369758498,1.8563812268637467,4.696084208884336,3.1554595800103185,4.266347014343567,34819.32519398339,0,26.061084874307063,0
2.665058948831771,3.159843982220047,7.431697062121985,1.2332771930925395,0.252807422048842,5.677549647799218,4.7449007471565,12.746734011153698,1430.582522925628,0,66.9717257317052,0
2.016844401116823,4.9764687439639275,9.116715299979465,2.986650768878368,0.919356735696022,4.929904775355973,4.66248505581429,8.313548375102952,31987.81883765457,1,12.70644000363524,0
5.191348577625704,3.5301906041150675,7.03987696224332,0.11012622018178889,4.522860090692006,7.279018170407661,1.079179087438393,14.77715832907495,114553.04122007002,0,8.303299131677656,0
0.12576968831467986,3.48523207774895,8.86657469079577,3.026180941989644,0.7119630632787982,5.958053742659241,6.028028396937,0.1377866228725473,69030.72860015415,0,14.648550048609,0
2.3005953211192405,3.9836736091044056,9.350870273286283,2.168354889330665,3.243985157565602,3.0925104329779516,6.713505467803761,3.5830347734610912,144080.84100914764,1,26.071237594761975,1
0.8916247674529962,5.924717736409679,8.436774202477798,0.444422205901753,2.918764009913095,2.706770036539416,3.895834352007976,20.69927323869672,12850.968986501532,0,0.1,0
5.437183231209585,6.535663036221161,8.550289431217479,4.275629755597084,3.2119758631618445,6.981598770968205,0.5392039185701282,12.740184292762729,37866.77523441371,1,43.644857404930555,1
3.3806416750283357,0.6796828775507222,9.165978732340795,4.681229592596446,2.2622354608734385,2.687326200946513,3.05247987800988,5.985394472298433,19178.781017937865,0,43.494897733535005,0
2.209937767876525,4.471709888110322,8.079237123063296,3.54715743598356,0.9407042596914,4.302779842314072,5.434829468828574,7.203007709197844,34043.12690498533,1,15.587087450059535,1
1.2232166966906015,1.1589173380314253,9.834330446619441,1.0074992713164486,1.7324717123261733,4.120750466931236,6.756791648570345,25.048786860316955,40717.8348232624,1,2.6108034996129312,0
3.2715774615691906,2.8143334907335054,10.556711571013135,4.417177307106516,1.7498923181666663,2.523011961971386,3.37478345607477,10.694184847094926,1842.8542210352537,0,22.28299512442518,0
0.9997482682028871,1.1956740938013886,7.1113230111045675,3.8236675648062284,5.436662345721221,5.620416272490326,1.6434197565838258,9.421614203818331,13280.123880218867,0,2.9664195811791765,0
3.3759203987394115,1.9888562321116217,11.150589361686553,2.4691357406732157,4.039917692176922,4.752369314808794,5.435650366963918,19.614237388499095,61000.498963697144,0,14.167131238057296,0
5.8285447307747384,0.7044139226118197,8.044768360752347,5.390874765157275,0.8612109283403551,3.724368467122334,5.6413922377216466,5.183105450140205,74124.41196239532,0,1.966152737455745,1
5.4903260880383336,4.551597928900048,11.491517424579774,2.1914266629015295,3.863965133208839,9.170373936795162,7.177707068244005,10.72350199945628,42134.74969929984,0,17.786421021669177,1
1.444002153105774,3.79625712051158,8.065124371204206,2.4300451087463077,0.47231614087813,0.138134705969013,5.7111120589290865,10.678142308975886,15792.35224541899,0,7.65654552076957,0
5.397886850088234,6.61813144500978,9.561067862712955,3.8294872075495023,2.841770225526636,3.273270476462748,3.450671416538787,13.728881306408748,25966.762803691097,1,35.556115299591056,1
0.49103914238015905,4.406461860664598,9.553015917294111,4.068771193249957,2.6646276647071994,3.846504349062245,1.8102542007601676,26.101241995339723,5048.332026340684,1,32.183371594989566,0
2.269298672078842,0.6948792611562548,7.919032692664971,3.256970586569744,1.127548278038823,2.283245462991917,1.1790200645400895,1.6791713505378985,153071.8316129057,1,129.70047493709632,0
1.507116244682386,5.095985612755747,8.608941082269103,5.2909204571277835,0.40725156808835544,9.51581539760397,5.219571420893477,12.293987277735114,101504.94649175796,0,5.954733680210747,0
0.397742668078514,1.4933624625537931,10.659850834535217,0.6455473188796426,1.0267219679060409,9.49471381769919,3.4034024085417274,6.4878216092875265,3392.6589292277877,0,1.2758659570064248,0
4.199586775519188,3.1472098061964897,8.016726325356991,7.471710012426995,1.048034404616214,3.6310810211710027,6.2817114924353845,10.068805172576798,9105.518894189348,1,11.703918021973722,1
4.703209324057288,1.038741878999602,7.873680900618119,7.3921498985956005,1.131115331825275,7.537472914259546,5.313952764413097,20.102356578272158,43505.48905487539,0,1.7417549064738802,0
4.593225624256609,5.929483893002673,6.769799198220827,4.399150689274462,3.744635039922379,6.1930833284089495,2.574002796900499,14.117173997479336,13226.284752224743,0,3.932459893171454,1
2.928697416440324,1.4932316516690733,10.851328330157397,3.9840590526672353,0.19266107991217696,8.312229785760714,7.533833317409741,5.301549950245344,136209.51117739882,0,18.19127524318378,0
3.253208111970423,1.7296957661999925,7.778835157743095,2.6707188459849345,4.993145662926676,4.7855905758037025,5.848965946023893,10.49694405437588,70445.52563099744,0,17.936177401937947,0
6.08299740483025,5.397535652724146,10.299970326921917,1.4668659014516732,0.9153049461937781,5.863217045753195,4.977800695908618,3.2685331969636673,15961.493124165763,0,0.8858827615053461,0
2.2799591781365898,2.0638116668271502,7.597967774393537,5.205604612052729,3.0915072661799736,7.805092044441166,5.001422682270503,2.8152771593501305,306.0050430377945,0,11.700381016689139,0
3.285833899501695,5.549298642100525,10.25287692279312,1.8091890349702595,3.6603985932371685,7.499189866474239,7.677349142810317,3.4416928409884613,80333.93393190697,0,15.109759930767465,1
1.88908839828141,2.6469616515204923,9.709964675084125,1.590479699594013,4.862389731734865,5.303269558816347,4.60716297782617,16.813213957659205,27590.168812553562,0,6.240157546899409,0
4.759491652842039,2.0752197434122817,8.157352118400462,7.236716719290039,3.9047189198049854,3.114849136018007,3.354486230414164,10.709247662192977,51413.895530269336,1,41.12124860765928,1
4.619524675485083,0.5368011974130837,7.398586043065871,1.1797161052226848,1.5862965264085525,3.4732861730338485,3.530148972488139,20.189884098921826,16911.92756133165,0,3.513243141508525,0
3.3552196724204513,4.452027338423293,7.520454136812917,1.783595765190715,1.1672575764228275,1.3016311474677789,5.890783563761599,8.624225634321892,7708.474129428096,0,5.857961175253474,0
2.913305263540643,6.184913264668911,7.501300194847344,3.679852525481346,4.088187856588368,6.574535332059332,4.668489793748031,19.976665320609722,56244.46502487471,0,3.4156339178560104,1
3.010360813901332,3.079636847431777,10.09777477018546,2.59108062554965,4.414130393824091,5.424327892580024,4.888176214615732,4.521401359513638,29921.36676176947,0,2.4783354343479242,0
3.2719066890772694,6.201983383691245,8.740345546920109,5.0594865438145735,2.621790193304406,5.578527520433129,1.4117855787165559,16.878838641096674,13405.065061393354,0,42.235854303648324,1
0.6764099286707154,1.5909065280331445,6.827316351236945,2.484736673707471,0.9943205410304407,4.949667625188025,0.9024944339098233,19.333389553972243,7403.427319196307,0,6.51070193763064,0
3.3280396452018297,3.646050375441866,8.12179988349838,2.0464388297865517,1.888972985501629,2.7133005364811464,2.730273323485503,10.884585038493057,43432.1555843644,0,25.64041812365627,0
5.689403837780267,1.976561346945491,8.303469847089575,0.5788984352233238,3.5942284300592338,5.62523424693552,2.3311891119902612,3.6870515217850386,64649.29830617674,0,11.171708968733988,0
1.6873682327409087,5.66061291276799,5.291516659579393,4.588651138686675,0.8048998912767895,6.210502117381868,6.232814425725599,5.2016486478606865,16695.862517628655,0,20.20507782672286,1
3.2347850774297826,2.127014778705359,8.205230628360747,6.382729107713391,3.1821917463979386,3.263649961454669,2.154359353537011,6.2579844231460715,66428.17334669457,1,52.67078656473595,1
2.5951423642259237,3.1773482354211917,9.5847894640431,4.282568080793233,1.3835895353230203,4.94330315588081,3.201812614958687,14.887649517965095,10113.288268060116,0,37.23606933607973,0
2.1073410761815943,4.541464829682412,8.293558176613839,5.437176349343035,1.2319157372093295,3.7033026419824893,5.947266374531855,26.229256788388426,20655.89262224706,0,1.4296277144382779,0
4.4543893158488235,5.45266438474012,8.881610318119979,0.48270680587342263,2.056717792009646,4.568916243059552,3.846656339076157,2.440898317145272,68301.51099726473,1,37.312753914667034,1
1.9252517781702654,6.096707303826775,9.226769696159158,3.592698763903019,4.848658533053769,2.7292014296262823,2.13696730795042,12.041726375043185,53961.59335486409,0,12.023159829487591,0
4.215730229751967,0.540647978366633,7.986096638843391,2.23051551531428,3.725617550816336,4.4636047388171765,0.5405115862428221,5.244516653144621,15771.41496745096,0,8.620142728555571,0
3.147556062634345,4.587949191993256,9.596131991740588,5.975991407070334,3.091294014120667,8.25477182918249,4.331216667918306,12.684178291294781,6513.122873668594,0,22.318501402344182,0
0.8917514806890405,2.797013575382582,10.68622644674755,8.781174199305884,8.039072255953712,3.9961729937226753,5.566324567746216,10.408177395629302,2170.090184409902,0,59.99796803624342,1
1.8139749745536848,3.072771084580013,6.214212043828892,1.1200803513027624,4.7743873878886465,3.6381643853572685,5.991794353177264,14.757665707479944,90981.77500125878,0,1.977310799210867,0
2.888520759798477,3.2623161549080324,7.982725371390189,3.4896861062588833,2.0679611867528656,3.763764961683192,7.204024429400354,13.379380976435225,3905.750611901445,0,29.226999787793236,1
1.9122046404901067,1.0722526643173298,11.994426225180568,5.9952903017465236,1.9752755508349038,4.619569157297733,5.697426625803603,13.332929108757817,6099.634001061203,0,4.55076464483003,0
2.5463202598101105,3.770639818680073,8.755848074811999,0.3970768550926459,4.124823645318728,8.584642661984892,6.84187379947097,18.05107516093687,13571.452254377342,1,9.565107559900973,0
2.6260915795931457,1.6405303958143092,8.447722074263492,1.4790871359419042,3.1145294316455314,7.811398023953569,1.885462688983327,13.861213888069951,29499.728407968512,0,41.40139449546399,0
1.868577020761625,0.9330735258658553,8.112936354666903,6.079285400435854,0.6784597146402078,4.713159952863007,8.00141713964357,11.087034759086405,77981.71791410296,0,15.784317055481408,0
1.235656832485277,4.291885185200312,10.411652716409229,6.604633980458125,0.3842729920600676,3.714361138161716,5.511020119460131,19.494954243835597,14216.406888605808,0,1.3967927682241619,1
3.5909026670109476,4.391404412077546,7.091510205656248,0.891840624409014,5.214476280972269,1.4780395603152559,5.5432123059924265,16.96749807247676,39209.232390320794,0,14.187504929972953,1
0.07247912732123117,4.907174735759635,9.889261790027707,4.230235867118347,6.751918727631083,3.1773654690758537,4.501345947236344,11.585928965423072,4736.0064087039655,0,31.178879404803407,0
2.2541229173963977,2.3375009773159188,8.08487345383262,2.6115607456884153,2.5218260358128903,1.0509164319772384,2.4183932040234195,14.248648693585872,31228.747022374042,1,15.052873758774135,0
3.6825840320907783,5.873590601705874,7.375235615937722,1.870958078646323,6.783908949435132,6.480234643362241,2.031788100691913,8.654938814765426,9778.789976571301,0,3.651773584856844,0
4.700537573475749,2.7353861055878252,8.153346023996269,4.9086899084160125,2.6237897087910507,7.671112356595811,2.5656390640286992,23.553903925129216,11861.588727366208,1,11.777223541743641,1
2.3340795938545686,5.3380892355234035,8.43042927114689,1.2542620014645935,2.323042632204676,4.249537697424094,4.681707647484195,9.043062845229251,22850.69286993987,0,51.63153223601248,0
6.04550623924786,4.977652419867526,7.753384561865748,1.1927350045793974,5.873333772019774,5.767789399688816,4.886121166977323,6.521539546607577,71637.37962942442,0,21.470823642748034,1
1.1161825582150755,1.9639232316728124,10.169158776722583,3.0734588525712065,0.8745185324400799,2.822024776255613,6.910612427925916,7.459856462858042,68126.24138526256,0,26.1782612408004,0
2.9180063638815756,2.069828162119684,7.386873857615835,3.820459117704338,0.5925546871736056,1.1202280423880793,4.862019218200668,18.791089936178444,26804.861938750226,0,30.829652276076946,0
2.436788503320044,3.0928078521833817,8.71011227193974,6.118581956189408,1.4735101454880724,5.111348612993453,6.94341363673288,14.888783138557766,6316.222921896804,0,1.90145949104767,1
0.9117290073823889,6.464823574417933,9.306148887082045,1.871697317999006,4.221665661490935,5.766684279410256,2.829917497639596,3.7310394829118487,16473.255599724664,0,17.423315014835982,0
3.4238261216894417,2.201679526464557,8.69458457302506,1.8170736787687611,1.3638094366633091,8.407947543464068,4.165571161602617,14.084231794777518,35195.82576480656,0,9.429380229810707,0
2.6135836388741653,3.283080109753143,9.658344900224938,2.4315433182373507,2.0933284972984376,9.12636683863116,8.324861807211883,7.466132950051319,101785.3127648425,0,2.9969130145570166,0
1.0545421749979744,3.3252998755671026,7.849653950854676,2.3148052790129934,2.8282666786863855,4.442863802753026,1.4684090609559888,26.63924536467099,172500.3956329449,1,4.530724957724551,0
3.394195895177768,2.1432489810933477,9.433940559718481,4.610385449389589,1.1536251275550933,6.8242295542113185,2.4772425041625974,2.4867722533379633,50732.53143286074,0,30.388331489940356,0
0.6674404650508572,5.7296188567059305,9.478342300175042,3.5320925010918938,2.5204237732633725,5.63018046693915,7.451649839681166,6.049829595452755,21591.980671362657,0,3.522554094163998,0
3.9484478584956024,2.0519381117795477,9.952180115860928,1.0569922268903056,0.8491868645139471,5.004542540731032,5.1120194348152825,21.646997761937282,59119.283558494884,0,7.491501339064259,0
1.7015973446901886,3.413790661984561,5.671513077608514,3.7443444023954604,3.090763809395367,4.925045143946083,6.757869816961595,15.667456851308039,20490.98898365967,0,6.705912053896142,0
6.912093386389426,3.6965400535978405,9.2635692080111,1.2466531379336114,1.1483746583256307,4.710101099154839,2.814919647399272,12.859401817237456,49104.629656709716,1,0.9970522095195617,1
1.701650430716367,4.457419178347824,9.851904654342421,4.7894294378543085,1.5855079876535696,4.796151246055228,1.449966920333994,9.10029058640136,13970.259143159874,0,12.40382555026596,0
2.5965807209419904,3.298240899255619,7.882812053814269,0.46466428547048033,2.7886075549258145,8.313227429414514,3.1085965310048898,13.259320937006937,15529.70813979877,1,29.042687775434008,0
3.4085924943352577,1.697069302969916,7.678267863635168,5.977199921726653,6.072566170970916,5.42915670742444,7.445594410650459,3.551440885205201,3910.272562887165,1,0.44803374664672146,1
1.936145912070428,5.634015339795546,7.447933592166317,1.2279586703717849,1.9917487123222526,8.483723242780082,7.740075234301825,20.659930555706744,27248.528547236943,0,2.3880946336948603,0
4.421189571746821,0.10196305733309297,6.951991515501439,4.255413381258742,0.23538698770668734,3.2033811354865924,3.0361433737628296,9.054604204814192,48139.58168282814,0,25.47265222026381,0
2.918146343826823,2.49757370134977,9.498640081011704,4.574666680275147,1.9757164309310113,0.0,6.868211957828393,0.4813605115624498,77746.28935729875,1,18.00741217785531,1
0.431616328618451,2.819693740107149,11.922854374771257,1.4102637580094064,3.665735590996116,4.074211102287958,5.990789684293373,12.654532440118642,83128.36689967132,1,25.122705951616876,0
0.8526285170391148,4.025825426863173,7.665969966762796,4.4996294297477455,1.8052686607928043,3.3279011978021775,4.488547562116868,5.656373634811846,244273.6410604137,0,5.229995591650582,0
4.737658354893496,1.9538293948857568,7.800177330692513,4.552846306341737,0.7078148798948275,2.0128428697480656,2.883783935073863,14.898926149135916,4592.374014735915,1,32.5692327593959,0
2.739533039710695,3.9933212326921588,8.523094805316843,1.820701633809648,2.591611877489633,7.601300408738484,4.189975158055151,16.807575063498636,33975.70360154887,1,13.073570736352034,0
2.373952074488494,3.2099579652469723,6.097037481445481,5.621122580463727,1.4193146844889668,2.3272165433531717,0.5918327406074583,13.491450811208898,36841.84910327694,0,18.847662650884324,0
2.670788820929144,3.9945070041779656,7.45667749826219,2.8643763475960773,4.264246423254734,6.16557170806424,3.0647100214235707,10.678730797418645,81618.29465451637,1,1.933597526628108,1
1.034879707346583,4.488438519283061,8.4145514796051,0.8467130512592812,0.40127160281937274,9.028388644709032,3.9408633696304385,10.615111888044272,15486.7405275227,0,4.589057852271872,0
2.279511321623419,3.7861394276732834,7.159107515498626,2.0085264954692206,5.487305657653311,2.700171170998334,1.49853101889562,23.238032612575545,3594.7997848937102,0,29.687661531340858,0
2.627333305254055,4.6508482997453635,10.296162064824502,2.525641484410725,4.62157813385328,4.53812532510149,3.0123242685652944,11.023009719609014,18826.30622595076,0,5.069695552003662,0
6.891140409001313,3.4548953893602095,6.559273952398161,1.515128401270426,0.4578271614469719,7.7054163293941915,2.3754164269912277,10.155900882785843,206533.3007951337,0,1.9418916235105976,1
2.505649400674639,1.64556678652816,9.851507986303172,0.9430187496276342,0.9517204278152029,4.169201534330007,2.248521467551438,3.7086324233748953,114850.63131561602,1,18.186465335220994,0
2.446496929766224,1.366464192248491,10.7027534078281,2.2170377392856535,2.1305257829099533,5.664778978110919,7.1982532147915705,6.958781088398677,25146.755209968986,0,15.878653160852043,0
2.7673841493821487,3.6716886306510803,9.07258711727024,4.155893548264758,5.506559607633364,6.278588175444195,7.130422351775526,12.464016142281329,104483.48304863648,0,18.724457729320598,1
2.7220512050485732,1.4665263718333479,8.293824164566034,4.26877525890083,1.1157561085535486,5.34718963288945,3.5553238171268524,15.626571472539386,1665.1460678039753,1,19.262694380566906,0
2.2994845690931625,0.3959656491633954,8.869422719458747,1.6674741121165546,1.618910658033901,4.103373449912551,3.622616305190501,7.470047704233924,18858.75922648781,0,13.87083900400469,0
4.257053209843408,5.9679750380259176,7.839154699090159,1.1990320083460344,4.240904070103826,3.4382391781906843,5.2898975109539546,22.75202632873061,64879.72598383228,0,13.615438243674303,1
2.227111874163941,6.429565418317447,5.4458977022863095,2.2706234923131303,2.6249934048150267,2.8104396199620987,3.536100821935108,25.877756571549018,12516.247749637432,0,51.58405611418538,0
4.773689304451496,1.4532007470929793,7.031121500493449,3.2072195756612154,2.373662157906144,6.1930276295438755,3.091262383180658,3.7822295430677966,11056.713032525462,0,15.266317355793431,0
2.3101298651698983,2.151998557400064,8.483231326783176,1.0095947393862186,0.9403545295688225,3.6842282986252615,4.119692701772898,12.122327582398158,98955.39854537786,1,19.210088309212498,0
4.314435361946499,1.6813499932082843,7.088969672544227,2.538839392406716,3.9372052300509566,7.3919524467219615,0.6184694804821124,9.573455302088686,47849.6420275846,0,6.211356414427609,0
3.8687976021019077,3.5865151241403903,7.880315671346031,2.9314196889407897,5.403544623281475,8.178334486483275,3.3898323914077686,7.439665390804153,225596.3721476642,0,40.97331245157099,0
2.08678135078325,1.6118621192947327,9.218768739117241,3.400276002702099,4.109675392381422,2.686375808694038,4.718505324978764,15.950464590809116,7232.1983906420155,0,0.49339815647537844,0
0.9002499819996724,1.980749629322979,8.71753625870874,2.935080008462606,2.443994037562032,6.476385031761215,1.8178223866200904,18.68308826345697,22012.79814361083,0,16.293950375353624,0
6.038569167009646,4.23070134880498,10.087712158178446,6.650625600790078,2.9708165632150156,9.117971391588673,2.9024463256650272,8.617669028753234,18641.18696223748,0,9.685306353983286,0
2.2652332523012095,1.0168847227389954,8.941251307002403,5.184665306650869,1.4925541449061845,3.2893331944279507,4.602346529355946,5.487507882821527,106068.30624092472,0,18.521983331705222,0
3.042970610133372,3.039864056944973,9.029456124584302,8.070481510427037,3.688746286705995,7.401283898478517,6.495615434632334,8.819006599768008,14738.457665575868,0,8.931119330737253,1
1.6462586137498683,0.9320437090139689,7.431566071290581,1.2656087843330808,3.574341392405476,6.12386138656704,3.9032176603429574,12.640963709763835,21806.087708317675,0,25.29484247887851,0
1.823972362349482,1.3766859448242403,6.503340851887906,0.9188049765855486,3.218606561369493,6.920968824588181,3.573254904494118,14.655905724180748,7706.17675751719,0,0.4108194327638037,0
4.766491048877699,0.8085886008776844,7.8806167824842035,3.189452008428189,1.719422037456372,3.487192017464555,2.09480463752472,13.38548945702068,74671.93058975274,0,10.41379693842514,0
5.264086385938195,2.637039916695148,7.409222676020697,1.4400904256215472,2.1933586314089206,8.81036982044718,3.851772146823737,15.515130388009986,13570.970397921386,0,35.58835087086575,0
3.6092031234155697,2.999989955419524,8.249848553688272,3.8111839164433143,1.4894242621011278,3.660659080525871,4.6733155833639834,14.902408158647217,3538.308154417524,1,5.7589946395061995,1
2.509553296201303,0.2798350076654308,6.90094245567191,2.1926632865193127,2.8936341454060206,6.2812883515256495,3.735173916014354,8.514915184614825,28556.100679828378,0,1.0838631275799495,0
3.835316726535463,2.504144814476039,9.763733105852708,0.8579407025297956,1.9848433580850315,4.873528853465087,0.8249034927954864,16.785753361801106,24834.477522665395,0,13.724387647919961,0
1.9591171866205372,0.7901370765622755,7.403687610229734,4.267151235520735,1.7075819511722024,6.0733064125546665,3.740196933480383,20.74573463834699,9776.978817471549,1,75.043594493533,0
2.976150813463317,6.539070556854912,7.954346467940274,6.797928571534353,8.17619155704133,3.0331604153180467,1.9226682056779445,4.416141305094856,7170.288346407447,1,1.3261844040883617,1
1.3237350274514814,4.509939487709603,8.46971184553935,2.728857302295671,2.2138336541739294,2.5452723719434958,0.3050134363077977,16.106446414589964,113436.83027155469,0,1.4526287914426397,0
1.2631168044090502,3.320008315966244,10.184765419902524,2.8643278538322074,3.2189540208390204,5.574061718052911,2.124896164819817,6.535760374367353,3512.7809146271074,0,18.08312135970698,0
3.5476652265808535,4.602228572039305,11.138039255432295,3.785335001654265,4.939414540468055,4.26549490746471,5.357811595583693,5.8295821876725675,5229.760245603047,0,5.755447207302348,1
3.219807096428471,2.2138573813787708,11.241162911670692,3.8598819652274683,1.9461474133183851,4.197419128057335,2.055290909173703,14.065452746226972,14055.007785922862,1,10.560494806453399,0
3.10809260614259,4.197369761582261,6.577306569472887,6.098730927499351,2.356825285411114,6.0896366848793955,4.638332920674963,4.498311221444361,152709.6010302201,0,35.49889107276957,1
2.266135263526242,1.423201089770203,7.940289285692504,3.0926752877617285,7.302868551062856,2.010645418064797,3.592710992692614,21.679598013321815,4462.5623369291425,1,4.43410882237416,0
3.116613226660596,2.562395342290904,7.654920324321546,7.486712402799527,2.74645522667964,7.413765781853715,3.8023728159403687,11.635735369508426,84645.00523721319,0,25.409371422185547,0
1.7217359051439798,1.2757284673255387,9.055463691588413,4.8209314127353124,1.854774336407886,5.239025770813406,2.7350428240648688,18.31273883130696,111305.35347962276,0,14.043173780904795,0
0.4146697521282484,7.53457172358904,8.96392390482039,1.1652438727645038,5.940527757668396,6.525658291171829,6.558145717416953,17.860012416538755,23730.128726154795,1,47.06866287019391,1
2.7619741300744147,0.3826143912083909,7.625497227451006,2.080876992955486,3.733900640295979,6.054696470562151,7.181970593119617,7.464933406654156,17399.523868258053,1,72.21024011794762,0
0.9425356031693806,0.838560409206155,7.507095386854936,1.910932962315096,3.071629881278146,6.164995255857504,3.9522472976286362,10.840556515941236,56563.653870716,1,13.27024473709795,0
4.118445340829866,1.472667855195153,7.003849391872379,8.034577162457627,0.24937155054691948,2.6030854128023937,4.432834918279426,11.86774455352136,60639.6797701915,1,17.572533204497446,1
5.1570097926859635,5.223169476065463,4.518756481435216,2.3292527281096422,2.1119932510526316,7.329376189972074,1.6005878954749277,4.606974375847683,75701.1966336215,1,27.396025713550415,1
6.342283268293691,2.4067820649124143,6.552753199700895,5.524593995141186,1.413235649989367,5.545828230466512,3.9502001791435988,9.881833857501153,88764.82099686473,0,7.6742917564649,1
2.717021731900057,1.6309698194543631,9.80016199777692,1.3040567944133994,5.872239448501047,4.050012625685003,3.628273212323606,7.942961332814795,15625.757572864773,0,5.142807767568512,0
1.6115555595365096,3.9366537538113806,10.69705672561187,3.3572740549032734,2.188126811782236,4.749420257383784,2.019099728514047,15.68394132912794,58071.470914391866,0,66.86904718258431,0
3.019616530585536,7.313887034077507,10.521786380893735,2.3850267024894136,2.7076138156336893,5.724272225098251,7.462007244986078,8.11929366759546,7245.839436144261,0,11.334357656939122,1
2.4747616586330072,1.9802573757255126,9.863850913274455,6.447340666631046,3.104138318283443,5.360457648329293,4.179677787174091,11.266280086340965,35742.17580702097,0,0.1,0
2.773672197869529,4.242647224794805,6.982087080227613,1.2164711513731,4.200011690779684,6.194484181503762,4.699344034620499,7.845426041720981,47451.92116211119,0,36.36843111778332,0
4.722249959604594,4.531361097400452,6.7281663285874265,1.3510800973526906,3.792357521812823,8.306780232921323,3.6511526450441782,12.139904311662484,8820.867250902218,0,18.309029747321595,0
2.1903951367592533,1.6137387275917656,5.783465285677012,1.386126873332735,4.190619541703128,2.9267270972436434,5.171563846276973,12.588254695246896,3979.578040921019,0,3.6918882608061443,0
2.5130404126245267,0.8403141133803966,7.625204263174419,1.8959040807616976,5.005841612684078,6.50054901698695,3.138058554334893,15.899420575404479,10829.893944611393,1,0.612064628805561,0
1.3449891422559377,1.7318531122180754,8.630659328958956,2.4529462130391395,0.27841389522498217,4.785401991392421,5.238714623526648,15.825662002661684,27287.13867454542,0,6.891608455166635,0
2.575375190463321,3.4884724388610673,6.988323592123473,3.8264256381183595,1.6587678488066773,7.285089452492559,2.2736806134973477,20.428494943529355,109391.87868869668,0,52.590445395172544,0
5.7583115433716925,2.6933320198233175,9.146632110455652,4.3953416051791265,4.062432189253483,8.251295873254154,6.362561405814339,19.338671154927095,37955.20731109446,0,54.208411174312744,1
1.7478898807467766,2.190969919273949,9.477786654273402,1.768060747922917,0.5860437006947473,5.392245010776486,3.587989683991613,28.59930823460898,69014.20131793046,0,7.450381358525982,0
4.404393990716352,1.3844417239497293,7.788264332877442,2.889029839981185,4.880863080909285,6.241615321680812,5.354295670270401,7.023271106621854,9566.774724465213,0,36.14936328351365,0
2.399687231550571,1.4654278243889483,6.489973408114672,6.573645204341991,4.179867609414711,7.432129672872367,4.256777913806826,14.16056896070386,5601.25585715725,0,11.662383130984715,0
4.457504855829945,3.4108019526591757,10.571389845701948,6.1400858155355165,0.5460587143260092,6.99647821166068,2.3828881449696007,11.965339463514098,13696.674780199692,0,21.24626770867117,0
4.1814573239418396,2.2662661650385414,8.552713336931308,0.7681364723311142,1.6153759463971737,7.513541194946669,6.846390788329424,13.316757114048363,18835.16705353348,1,8.142646218507766,0
1.2477872464880944,2.48131863936149,11.411809012398884,1.005802388268148,1.7509666699771789,4.403831793363683,3.7679509953750197,15.915790944529803,39714.9414992021,1,14.512275091869833,0
4.135696874278296,0.11288886856373222,8.638568724088103,1.5350645634760234,3.1376937518172703,3.9662347278317593,4.2925661108135795,6.636141854167224,106533.92940433648,0,6.956553832425315,0
0.8552216071945434,1.796304257336534,8.743319375869335,3.6754132021408212,1.9483267412796166,2.7276515269489767,5.212156440294965,9.093470783209236,27764.362447604075,0,1.2612319767600835,0
1.0238495285184404,5.184896742641242,7.053254770015597,2.624687005846968,1.1591915385926987,4.609318007082814,5.675675553914457,2.2663900779962534,36573.426449024795,0,3.002002233788261,0
2.2850508874050055,4.9392221609648,7.8646849999138295,1.5600278460739792,5.717514539644421,4.831664806681777,6.593755145469976,15.59156124548939,231.2105594170277,1,6.86881505382393,1
5.466614162505907,4.678709132633554,6.161795845873124,1.1065038785654782,1.5545510015019814,4.712796771325702,3.393767553134517,4.986404707917557,1693.9774006099087,0,74.80664173011694,1
3.5108503224370975,4.445010010555507,6.484563455072832,3.811879215278325,2.3378120998451886,5.984456910095924,2.50494457668132,7.26277656858982,4374.349045064701,0,67.43596616391494,0
1.3941057604626685,2.7927076497924155,9.611747570989808,4.03514521614518,3.4434289874325783,6.036517196866627,3.951726532546461,4.9356195995300425,60031.26824274891,0,35.16610808139626,0
0.5369951548994858,4.59735829054941,8.076124925324525,4.134176470341276,1.6304950449508049,4.869143436747596,6.592625900102508,15.63627705807449,33295.21978192082,0,5.2924936743229525,0
3.8069873610566263,1.676482459134817,7.866012957074317,2.4681982770599613,3.4947171747642014,5.693541805801799,7.641117624624264,16.829690431395832,10719.176537135889,0,11.653671217797154,1
2.7942240442944835,4.902951539542197,7.38936102896931,5.8446546933319246,1.7734664984561532,6.653488606212585,5.007877409310458,4.644318735209284,44897.91987019885,0,11.588615640279558,1
3.0669118143902443,1.905332437639825,7.921714443334582,2.653637366401966,6.358945015748864,3.402427269658207,0.8820308586374588,0.4577297781343639,39330.29047723925,1,9.786933953970689,0
3.4303308364673244,4.283386564332016,10.199595162410759,4.8338009667665585,1.386197689795964,6.866441031160566,7.696405341979996,16.496964278191278,4649.605030905513,0,0.9183722274124038,0
4.7611454437072105,3.8421558326519696,8.716332635309003,1.8857964347841547,1.7442377890783078,3.77726870527134,5.503991897117868,23.41521408625264,51139.92481255814,0,15.294039801228749,0
2.554704259647891,2.470388269276336,6.72997767985857,3.7953435102708974,4.512263778678751,7.878160722252026,3.095421752166261,17.320025270640787,72869.0867910853,1,1.511978414766346,0
5.012006017832084,0.27577931345271545,10.04557704083349,6.017061219263922,4.9195482923320935,5.332487589958583,3.781821764058832,20.218424268140712,16882.454982282856,1,32.38155258316897,0
1.5400666296079903,5.70307600429043,11.087557884697024,3.9362410672959216,2.3693172708027808,5.12820354409693,4.41398971063469,8.65213736356626,58155.75844113062,0,23.508169724175648,0
0.6323234040516468,3.6290162650219813,9.242057002075335,4.09119601921794,6.393969086615687,1.420597454894712,7.5213958388793065,16.828080528896383,11139.650451115933,0,8.700051716826776,1
4.483454588827539,2.7197951974525987,9.836935317683242,1.918794763419218,3.89729001733308,6.315778268723719,5.999462398985348,21.03582425361088,70678.92324715156,0,20.83347297157243,0
1.0997586339778063,3.2062222572817096,10.331174376053397,5.578404930417689,1.0399777927678235,5.190114155981043,0.8223320631283494,3.736078892803199,121392.77458786232,0,5.306334544523988,0
2.9980310270744264,0.6848935279224206,6.015092622273412,3.710967937468827,1.418888905223283,5.348295516011579,4.2760677812388,28.59896135403129,29157.910778069963,0,6.1645012417911005,0
5.363077304756033,1.451965604342744,11.296405551828508,1.9528708691501993,6.82879877655436,4.813841981296942,2.1918698985047254,11.524831378041561,14026.854815534942,1,7.541446025718717,0
0.6705426999363957,4.890693999611846,10.148221106015804,2.887406577972672,1.3740194660131368,6.250391320019551,6.705364230704138,8.321582434469681,25472.720065875652,0,31.892128882232342,0
3.3734257814811306,5.707999278834134,9.233282051369391,4.7716487905967195,4.928056300586839,6.650943083990271,5.9051243816967585,19.4310434300871,14389.268733077985,0,4.731956785087437,0
0.6163751556213369,1.221118822977808,8.311809191271744,5.431622146697382,5.0027336077008835,5.968046954169975,2.725037545258509,4.9594731508500765,62.00722138465169,0,16.546431711099853,0
2.669105924136806,3.1990659288970438,6.494136376121732,5.724938348705866,0.8017532622424177,7.634135826153943,4.358184677858785,10.572688887333115,52556.37906962048,0,4.474552297459685,1
0.14681933127792124,2.8647968017269996,8.002898344455604,1.282593698847831,4.14103361043013,3.561403936400021,6.839461781997774,8.406940356119033,2172.8691409022294,0,6.710501608053898,0
0.9291290127017372,4.254476061773757,9.172595524794422,2.9726032325298783,2.7289941202090233,3.8143010495848317,5.615664677954625,4.741280756659715,11810.853187490156,0,5.370175686135202,0
1.6208459011388985,2.11067729489257,6.843462431440578,2.2991871317221406,2.773987101905153,5.81340736789658,4.137095721031369,21.202519472095442,64087.62913016107,0,20.713012950924114,0
0.5558771864927383,4.1158605271605975,8.395379098928897,1.9462730289353305,3.3039329628755043,6.323556959158578,3.335653345488852,7.814881947138876,54789.56565555775,0,14.961739970106036,0
3.628731421368042,4.491558671991043,6.724687943783614,3.9942455623849984,5.762844450759662,6.0333910682525715,3.872280083587084,16.352486783912127,3807.8294901871736,0,25.552325598665604,1
3.2618555306964203,2.6793124519078653,7.923063735903729,6.596169606309168,3.140126706123589,2.424941651881582,7.358373633475219,13.39025818963406,53948.53387540441,0,4.967776913758265,1
5.5167685997672455,4.176680291052987,6.471058950613921,2.580798173683305,0.915669749664141,2.594975918058239,3.0122622413683464,25.043783310372177,133375.33276182265,0,0.18381281148425607,1
1.0991865606237472,1.50108946801192,6.313335868304199,1.8604750501137404,1.4519908663933632,4.630426582503881,6.445329013831868,17.405937876203065,3871.190736947694,0,22.820558993655716,0
2.1718481039517945,4.718291758128962,9.010134117195856,4.7468931194763,6.322637306448483,1.4214561029023227,1.232802389886715,5.058129630395854,26866.029094331123,0,2.4400525787731104,0
0.7822097883115158,0.8879666648103435,7.630363662399326,2.9121570327425483,5.484715099985749,5.521794172114241,5.200939700045373,8.582580055407574,65361.94058587339,1,5.655355997178955,0
1.767688055025618,4.678561070838936,7.7713141053872805,0.6132790812610202,0.46128575209760486,4.850328468653404,1.0835182176179627,4.71189377133522,55089.31650731137,1,7.2966238163496655,0
5.954379734962468,4.688915625596437,7.54983454784368,0.7914441957756236,1.127217054957206,3.1710760170575556,5.5026097242731815,27.280099446044296,12842.161931407736,1,27.471677042766235,1
3.9717268660938094,3.4844406917218707,12.584676981439648,2.804510155296108,6.099183716947975,3.8965147084969276,5.835596013283712,15.978824857876027,8900.579552513087,0,19.664204941657843,0
1.055672064555032,2.64080582240048,9.41105062855868,2.174028274760345,0.5853615091078732,5.2194545766086184,2.310013657124829,14.556506056003863,76681.05314310451,0,4.073325335926742,0
0.3118591055550576,1.839016666596838,9.57211530875156,1.6079697932772594,0.8657354033185196,2.0129524698321406,7.0698344221606675,3.9091893481471613,156457.0753834903,0,18.220483024756202,0
0.27957961979081924,4.106561198518567,7.336876695540159,2.7209957096215405,2.2380383445222956,3.793199934321839,6.019701616783322,8.706879037428937,72961.20592974652,1,24.63016875534972,1
3.679765943353593,0.5961402289960402,9.257126032856995,1.9201207631689567,1.2717766161588293,4.473220624375724,3.471453064508565,3.9405302789781387,165118.962003862,1,9.849801795121444,0
1.59129571300425,1.8162748643710225,8.15841849538287,2.122090126790288,2.0794641451142986,4.40039760470136,6.1990497708839065,16.615472164848356,46442.89648424659,1,5.64600929370136,0
7.380869638355531,3.7457060797482544,7.3248253886494075,0.9379297371602812,3.3652180329205,4.457877983794759,0.428090571123923,7.981395494661477,132323.43881738672,0,22.72520980720038,1
2.4369917696780017,1.913520229422708,11.393637101827855,3.784170933224769,5.501941896517154,7.718108312495795,7.21260893028005,11.61045856765645,58629.47181854481,1,18.877925666340126,0
1.7097774059130701,2.121450647221529,9.359187043314439,6.700569264045509,1.6207316441767852,6.897108599308483,1.545253040376281,15.429009096562503,119781.50462347521,1,1.6222957431097567,0
0.8072398199878914,2.9396711960969513,9.283507945708278,0.21453418570161553,6.546425741508738,3.7137284159432586,2.068033870473314,12.745117528315717,8812.340353435682,0,21.973024202536052,0
4.477791997522805,2.774911918619605,7.042399568842416,2.5877878267945595,5.055066983634621,2.925610604466303,0.3366189221666746,13.321815466586726,84522.9675427373,0,13.408855070231889,1
1.97351654715525,0.8585787626857316,6.59468613491958,3.070131391654074,1.0967120728723465,4.173299406479094,4.058666438310226,5.85013379535661,10954.202671432822,0,27.997236241232116,0
2.614729695537015,2.3368255004054266,8.41367279464276,4.112300386692394,5.1809606473953735,7.454320352513517,1.277192193441686,15.31200418897388,1390.6151631743658,0,4.23214556177922,0
2.791904822094437,3.3192020930403916,7.639728969219357,1.1552386927014517,1.0869002247909716,0.7453809176507082,5.704675068567443,3.0799412496354495,36447.64451451098,0,5.973954933778654,0
2.4924642287697085,4.309775708003919,9.418961413881561,3.038780448724113,0.56628138683172,5.167173485258614,4.111324687047922,9.351117883390764,19154.743450586502,1,15.675129059563348,0
3.8880045320267813,5.405277045945869,9.518891321333072,3.522247722981483,0.9423285841453406,4.383892653858626,1.073672559163992,2.316783243242659,2225.363935419511,1,13.14531488150515,1
0.8983097773481847,3.6248858833460824,8.598254902179015,5.289934669589699,1.8506684366937893,7.3967380208137214,4.3255596099826645,16.70105813744606,196367.94692044382,1,9.767111896496223,1
2.393537041475697,0.3054343973064911,9.74156976037413,3.1658734927420253,0.207995925883369,6.9622956523206,2.692750030123539,11.485387815499525,54900.537804754415,0,27.411043594762276,0
2.0045204994057464,6.8104209256716395,8.789956597158989,4.421432710771726,0.9275779717332913,2.0637237467674794,6.3689720646772265,16.06727335355458,116043.65174023974,0,16.636765856468433,1
4.0099694375353145,3.7589840268091432,7.192465576646787,4.2205288161139904,0.2995315332761839,7.393305069878956,1.8949727317112621,12.813652220421057,349697.57879098604,0,24.77624445764802,0
4.674355152035755,2.120051593270262,8.202587924928517,5.5633879103475,6.6557056019824525,0.33247218549170565,3.38553287991209,7.696451927805037,24876.284454496497,0,3.3271129546288796,1
1.2791579245418194,2.3840619499328706,8.703599563880653,3.156765731226447,1.7015083224865477,6.224553977613494,3.3623237186119215,4.854890702619448,14700.907066048396,0,26.111865353805484,0
4.03734941984525,3.4563722106028965,9.893387590962769,0.5531897238522603,3.5236363188048374,6.404100967720032,4.521873812045826,23.751950119559943,10159.962921209391,1,12.380399615546636,0
0.8948655761560051,1.3651635783174878,8.83742626665873,5.6748204244885105,1.4469860408613975,8.37033426409562,2.8216328927449434,23.53935652612124,36199.61258704879,0,0.6870248282036712,0
2.4781566399063273,1.2164616902923702,7.642824093018622,0.8768331299981178,2.248497957862132,5.454689729423169,7.005849707812768,25.808215433383825,46580.47048722443,0,5.344300612582616,0
2.6449203451846,2.6009056477661083,9.949256958921483,2.434743712017902,0.5099542174595028,3.6711376099313355,5.650747369652888,2.3976085345966327,31972.99761908159,0,0.5218779092575445,0
4.549932251283338,6.852982278784152,9.071133768621898,4.451101529912494,1.1531052310741596,2.9832736769006383,5.341692283424001,13.087944179432537,24490.077239058464,1,12.208298057086356,1
3.895079338725104,4.036573143827592,10.818510588379992,2.5027660382287085,2.7423211616386958,7.9204563594779245,6.956906190060278,17.428327649944823,9212.524607254263,0,7.886935743562068,1
0.9718177285658083,1.2586831298425438,8.630916203428324,6.782801899937607,0.468496556879246,8.394222960946264,0.7123216028481681,4.682308416968583,29157.2389003727,0,87.55999094691931,0
3.828986050331805,0.13665796533084662,6.94400692934542,2.3150572032264116,1.3134822050187223,4.1030495380221685,5.357401953814664,12.609734333275524,4454.848630053008,1,40.575594710223335,0
2.97838427885603,1.1703296646827728,10.26546904532273,3.275510751475721,2.5599042208560574,5.044379877213375,6.098578280252063,10.807382369272636,100141.71663363151,0,34.936203187605976,0
5.903979088514873,3.3279116078053352,7.634815054805122,3.185372917756861,0.6267065223196678,7.726611601876556,2.963147645122674,7.541163612855697,2401.9115822210606,0,13.907655514081853,0
1.7609833187507087,2.075761831155614,8.943136190501143,3.282997800451983,5.242345148775771,6.538136794678911,4.759423403687439,2.117883546628324,23953.918964493663,0,32.91037114779518,0
2.144134952920709,4.594507351363559,8.778575034053446,1.4423508156340579,1.9591607865675729,4.626442391842799,5.298118810367162,17.482854323157827,5275.68576089001,0,6.2086351722496005,0
6.204682337798468,1.4149213049644795,8.568443994981797,4.682050244752975,3.4240152587159924,3.4806817636106766,1.7905415681777472,10.633776155015289,74578.41057490265,0,16.449154116239736,1
4.8723314496000425,2.5408657673001382,8.245270041734202,3.0963511049494183,1.898998814919325,3.317412516751574,5.009720477212911,25.52001410800806,18751.91026699406,1,9.981830148876062,1
0.9620692451496077,5.067721582223921,6.021783802166775,5.115371921276188,2.8979316433963467,6.906709725844722,6.754886447435603,14.922286508237004,6001.468550683014,0,3.7589529486102258,0
2.4965580347196683,1.3770392341978277,6.996844113054355,1.8630063356907565,1.3716039235605804,4.26599440252829,3.468416544372952,17.7520043122032,37910.03025742559,0,1.5076957990175726,0
3.4123779909224607,1.79715216973904,10.183198483345715,5.333564671621483,0.8044808349006061,4.186762109870932,1.5683701595392252,8.55087155586139,124012.08173327868,0,16.33879196246095,0
4.0091505631395545,2.464218506051932,9.14320107666139,0.6230679233086674,0.6823564515606771,6.223807332340454,1.420819630507649,15.237362617553387,119650.0426175281,0,2.054815334643241,0
1.179359076194325,3.1662133738986804,11.363945575939695,4.385267727507663,3.2523464084157605,5.161203598031626,3.071768840399081,17.95335129840812,14360.845108532025,0,25.317183785205653,0
5.572754113921149,2.6349743181929504,6.943442766948287,2.5952148085357263,1.9195211123739273,5.778880035434064,7.515479050945148,3.671291617184221,63587.54854332916,0,50.88510379803226,1
0.6294278801876783,0.6231094074553365,8.454015841971342,3.20583745740147,1.3123173778877244,4.3519331783096575,4.918579553430063,5.547726232342027,1537.61163613554,0,3.5372761816972647,0
1.2295220654768162,1.3432106246488336,10.244790278442066,2.1097469999824927,0.48091213510398917,4.268777362011861,4.620899883923405,12.81150057303903,7069.641877046577,0,12.733014903752224,0
5.302969759506505,2.198364844037171,7.651264734469483,3.388510684231496,1.9389314880313424,3.5311199998285714,4.730410122006611,19.262777720979514,34604.62387911416,0,26.847432324967233,1
2.709993961105075,2.066498134671736,7.77194943383362,1.4307908131727618,1.9579304923997438,6.417936479473996,6.384048495235848,23.868689982261113,12987.552336599814,0,6.760980090256814,0
2.7708902751884184,4.881465001862331,8.059990203041894,3.525132316740897,3.139893108369937,5.1701064416469755,4.511399024143033,5.607021687832506,80039.23646233392,0,50.706621920884274,0
3.01184192228817,5.758705082513509,7.831978307505174,2.3867864477898837,3.131465957884578,5.586311111999387,8.832126258448117,5.090291982424478,133734.76467864035,0,43.868436934385436,1
1.4014940155761468,5.098772553009549,9.297696097720934,3.944034754241881,4.692314791054332,2.9605269053166627,4.454186959926154,15.267366642706001,217.13662551245713,1,2.19081494059096,0
0.7373378490111673,1.2310986037732494,5.829684745276109,2.0912410373086883,0.2845775835568862,6.391414831879693,7.110562632929463,21.196428954352857,13257.937193590313,0,0.555642922158697,0
3.2915651051709327,5.340564936477953,10.96408886109695,4.648465961275587,2.848206027592715,5.624159107568488,7.6288572878412,5.339127571548215,28951.0608435691,1,74.97979469702007,1
3.59768584824016,3.0002336426508447,7.0605050101668345,6.868580559051499,1.6996463881282549,6.460607493278358,5.072617785850028,14.053762133545158,41400.17691128545,0,62.68840724904506,1
3.0977747327024048,2.030359978942861,5.324242468007325,3.5559580561690756,1.7639694849399958,5.690278619308117,3.8607951996321437,0.24414240093996892,123789.08699015589,1,10.973513156071418,1
1.8035041428788405,2.6102304777701253,8.484640903274164,3.85951621014114,1.326594286709907,5.572032310794086,2.9977581953483803,17.702164095615945,111227.29209051383,0,1.0377288601709413,0
1.1049325801614986,3.4914959384447846,7.933898553919776,1.738490232115445,0.5398254728245483,1.3597015699087223,3.6402738813857938,22.596087129886058,50691.05740586147,1,19.29258647951851,0
2.268526189451653,5.44808127323102,8.233030376751081,3.0285459843028484,1.1287666931310838,7.275506084582004,4.032559425899015,3.0386346631147134,14879.079844762386,0,6.946096968346664,0
6.389059701703222,4.105295472785979,8.968864863003347,2.3583240935645704,2.118278239936081,2.3590844598318346,5.479725256427467,16.395572504825935,76459.25592882474,1,55.20466315945897,1
2.4313915351568323,0.26592238491727643,9.467261934331338,4.472339114549811,3.058195498439022,7.074150586453142,2.925954440097591,14.292840363136865,11323.188562913729,1,31.66195024230693,0
2.1596804604807858,5.8461960947276745,11.029977030501847,2.818213260820123,3.304096720683665,4.854386334159763,2.69576925947969,13.148390907087856,167867.14618493436,0,20.97324361464091,0
2.4855717435847975,0.48186078783462405,7.4647887436766585,6.307214485830755,0.7405814712674241,1.7865633315573346,1.4436933501662592,10.401720606554719,292.8517361697613,1,6.69558114754976,0
2.374704597128737,3.6199761819166945,9.66143658724654,6.073279641722329,2.2079093901923477,4.827734850988672,6.703327165723412,6.807180436745118,42171.82504129746,0,24.16420736540447,0
5.319284493276698,4.445216476099797,9.563404676603076,3.5592411682909626,2.7714941229327468,1.999531912993484,4.353602091119832,2.2325622901647204,4627.548078214957,0,6.826390785927546,1
3.9043892434622447,4.1585471518936306,4.5388215466368935,0.29465846325676365,2.284159438132571,7.215965022107288,0.790172837783045,16.02430773885782,26178.62017566096,0,0.7671461902290578,0
1.6973758904288572,0.8841067401107656,7.250208396196189,4.159166328950265,0.15908681100656905,3.968525054473184,3.4928085916370906,13.33978661794279,50383.79303165591,0,14.20320522015323,0
2.04026175015018,4.715625233688158,6.569529153578858,2.875709682933291,2.3878289687609824,2.917630429651411,2.430090985296438,11.811344569302562,58494.432200464566,0,13.415371001341263,0
2.5492632671059896,3.3683060364941415,9.171839287836885,2.0957933127926607,1.5233974559945227,6.321696267756863,4.82309488254851,16.801791048545013,76988.47305071838,1,28.794406816138654,0
2.8906082696293733,1.9457492804201546,9.006738873897982,5.401091305468054,1.5884630354186942,4.915299687935062,0.010953739108671251,3.187738559059126,44987.37921791967,1,40.1496944388722,0
1.4078969013769074,1.5088005388344685,9.036891549977323,0.8742726310753002,4.469369411381525,6.040334177458694,3.257461317333574,25.285072065533992,14472.137829740512,1,8.753625059838436,0
1.8846863488275698,3.404639347063897,8.041611598728377,3.290758346336932,4.132210334182326,4.772206282557581,1.6794449235559168,22.950971747716146,110025.45760322906,0,11.937585924699556,0
5.651992012277928,3.5872160015474135,8.192865161379768,3.0284657582833265,1.5722808491341598,7.313306419099577,3.199765413722341,3.482199940207283,83328.83741514343,0,12.712681334796079,0
5.441384134079766,0.8514646798266188,8.457128872583391,0.7130003413012519,1.8689463750141466,4.196973734194189,5.415756242474485,10.86129064736025,8720.783603439431,0,7.837874873013581,0
2.0749581324893813,3.6999807332673367,7.8983300931056055,3.9060312500091965,0.7474936563471668,1.8482229428849788,5.5554086606227235,28.626910219083918,87582.10719830418,0,27.203717358955593,1
1.937947313120766,4.4797171299013,9.665773408157234,2.79409356332617,0.5756525020416449,2.8113922388131787,4.764412309164067,17.85902716259821,179941.91275292815,0,14.767125068620423,1
3.9173659785710697,0.7670930483966332,6.8955045609812995,4.476518135807959,4.434611501455797,5.870376149862136,1.928717445491173,19.184702964203318,50697.81272718881,0,49.05787727231253,0
0.5490428353248851,4.168198571040247,7.327279204961765,0.8187235039374086,5.415156775929829,3.68440646080757,2.58547464522642,12.092449232453198,16550.723486135856,1,21.01420877269103,0
5.13200034727355,4.641720514463859,8.681978848384837,3.7938725536504525,4.074466947558576,7.566771952482686,1.8532379620743946,11.135996781518847,46645.63463023262,0,4.762518546006936,1
1.6801384883050952,1.989742861771029,7.948106172782562,4.749484542103262,6.680844205321801,2.65864143299261,3.1948414415430753,11.467409555789395,20968.192673018533,0,3.6018883441589935,1
3.4984513829632498,6.39928882421978,6.836827630884234,4.969661736454891,2.6889837686269367,7.036440858468918,0.6883478950436379,7.711605135863424,56342.32813845963,0,9.316546058313392,1
0.6470899156806993,1.5478843739264394,9.29788798205328,0.6733703258836767,2.251716747265846,4.133901370523258,1.3197579867204288,11.929049960844226,39350.91535506003,0,8.52131320509785,0
3.992098512519557,2.0594769325472546,7.641568941108547,1.7320263924204564,3.147127597907219,7.615067760635076,0.34535334602603224,17.5354640503622,132600.47080908332,0,10.455664126404,0
3.6020748536275837,1.5573245088813878,7.232918543848139,2.253860434933241,2.6560945710972845,6.011262102506226,1.2615041176279251,5.3823534374223705,48104.76416631117,0,4.056798204272351,0
3.368158164406375,5.8888456447499635,8.238430438894149,4.581004291470403,2.48428373204895,5.385009874037348,2.0553131293509317,13.755433293733173,12038.759183917464,0,76.5377151948017,0
1.2566751557557145,2.3380701751390207,7.1601257537224035,3.470161243506938,2.285434875813133,6.328800498058101,2.0489175100798995,10.443760788366882,64569.190028887155,1,3.1496859702318476,0
1.8674564305294103,2.1327022865368868,8.448728006754266,2.364162768701073,2.509657880981301,7.45330773016484,0.7388714952769191,18.42211923263369,17896.523579253637,0,21.14837665828333,0
3.090542956810058,1.2861869744422982,7.960451746040006,6.704542988187723,3.6236100265020186,4.898392804235188,3.8364945738027343,4.013173258576234,15899.56991577118,1,0.2631077796867575,0
1.611047165510067,5.364299550377335,7.7311298443798595,1.0820864205580336,0.8711776152111754,1.246004946984892,6.006288632390423,18.71583543426802,24860.653617037067,0,10.449903589533097,1
1.5601939383489905,1.5720208835782998,7.740499656203161,2.3072069669804347,3.949578636512297,7.40009110634122,7.330921241251053,15.855541643779262,603.4609983661404,0,7.397618031566468,0
4.891720840330514,1.7273218119277434,9.993422746037867,4.125496306896578,3.449172741667214,4.457510524966501,5.850614836425564,9.25863328007565,173915.79122053747,1,9.6261337842283,1
0.405952160464261,0.3891429203810689,9.053826116916518,3.990647891898175,0.331984183253998,10.0,2.3113972258609743,16.61957112418159,37999.736818299134,0,13.786184888282504,0
5.013100171730703,1.6272404737435255,5.936205210724969,4.3541388378696455,2.847383668669163,3.794616626019205,6.22283286805969,4.287154785052984,74249.16879020743,0,18.34457350833004,1
1.25480123667906,0.8364830380448468,9.824479308192686,2.9286044554431987,4.077442109714774,4.23840829232873,4.600935602070346,9.312587438332816,14910.344721446061,0,17.517921122957848,0
3.7832624698778554,2.5455112086946325,9.274835567199753,3.6552010942803537,1.1462681297332542,6.488890946466281,4.902181350791563,27.48861187290595,68642.87835316584,1,19.92365948225728,0
3.2221290371486115,4.015869776065282,9.186272352767554,0.7136172292262938,3.6923444208199676,6.5231657042547555,2.548059255486331,10.218964993592913,41870.569911137725,0,37.22832469207751,0
1.2136225357209525,1.8866569044671833,9.831866329377627,1.8470433373960513,5.0795122693049555,5.845247435134348,1.694098206778384,9.4434501296064,27594.89756587348,0,43.557350800360446,0
1.6476671994108207,2.0766741435570295,8.522545055366196,2.024028449505913,2.6736411867907615,3.880148324973516,2.8228213582104584,14.42823614591666,176455.9006838348,0,26.73106826259626,0
4.210690230658028,1.0810147948426987,9.430125522417935,3.778834815558051,3.65560587254155,2.679612262169081,1.1302271645813498,8.869176417557945,34045.48960302187,0,1.6446506685504572,0
2.230656431040991,5.902607848461704,7.803292090215481,1.4446600467221828,0.6874065469614632,3.645829153096674,4.987953644241108,13.26135980388736,53568.13499009445,1,65.03438192919047,1
7.475416808203147,5.259796292366464,9.771370477313766,4.336997638489403,4.138622345064789,1.9666841425654895,3.431039587468418,12.463460020453743,773.0550348041227,1,58.90005557330784,1
1.7653263115212867,4.108893449794827,8.827170332560835,2.48504963021273,2.5524654250751255,9.126891075577479,4.03332534963814,12.49816555396839,17937.798710379775,0,24.875336724377913,0
1.6939987569774237,3.9223491057052975,6.43455751834616,3.8871671632341602,4.819081950581246,2.950753082922464,7.452421672766494,5.656342860337681,109772.51239154156,0,14.572961785762937,1
1.0123676310915994,1.1129403700392517,10.054577451895817,1.9734976063450866,4.0120469029046415,4.411891672160936,1.584643172048792,15.238625026408823,71139.42445150095,1,5.770137806034173,0
1.5521976788527783,3.473639010928386,8.306643026844423,2.8746083973124508,2.267016730452391,6.384899186088429,0.5344765340518244,6.945528606636583,38474.85632960651,0,28.24054372978846,0
2.516719879928031,3.2958582242614636,8.097815936473229,2.8582878283247166,2.549088724172461,5.010442830684542,5.007763175517802,10.833278768299623,115209.17204022396,1,42.051776287934864,0
6.988438963940432,3.5988043290814704,7.835998809035145,2.577983878284486,1.753838935783817,3.8173279663952577,3.13750911725999,6.817356355904515,33298.055980114936,0,21.883698133473068,1
1.6287619472878654,0.3388374718348792,7.945954571607635,6.350857722454099,2.6816342391218213,4.702820980085114,4.101105332608633,12.018031369251432,41793.98892992642,0,19.83498022898089,0
0.3586107451957101,1.6277630859638341,8.844452972610737,4.399922293002908,5.38683308684937,3.7828210680996817,5.363568204765863,12.911790731102588,24075.70888384143,1,4.288748808650192,0
1.868926162656133,1.0633735220011342,7.018630007252047,3.147107695594084,2.236843028323954,4.491086280650117,8.662787327246422,10.969667742130202,48384.46958047513,0,8.857001659508706,0
2.8021975907890235,1.5514878502076812,6.147080988276329,3.2458156191965326,5.355757623679432,5.781093140853305,6.254250781449803,8.03719495134762,19209.76104417122,1,25.684593400941505,1
5.039853388745347,1.9275398322617519,6.903301691350568,2.5226608670786983,5.459570751872046,2.926625372400341,3.2751552380992544,6.677893429685282,24346.681013216203,0,0.34086303563003345,0
2.9053569937746286,2.800948577628053,9.072576776260053,4.469872869539021,1.0159318485389401,7.160881392225776,2.1714544045750794,0.7250648911374993,169551.85345560958,0,20.503386194848417,0
2.1370325400439456,3.514695705879278,8.257092780155107,1.3067427364793316,2.04197291925175,5.145373454564124,3.878066154372553,14.326605306651441,5900.266256769903,1,29.106056169727026,0
1.7420404077010232,5.224220920136249,10.169789686865466,5.972410502266775,1.4174522007151615,3.833024075137273,2.0560649497079444,6.695115548259376,5560.845168225481,0,8.150479109736489,0
3.9919600736253633,1.3641262291991727,8.40263090088247,2.160964712583343,4.445966902603885,4.368732291582122,5.6569349664991915,18.063389250118103,2214.1080464851784,1,1.5844958445022512,1
2.6593194966384743,4.046162659067749,9.763769662354294,1.6705974848282448,2.3516510255197893,7.334900835753322,7.694566288312208,15.222214602779795,19286.397659547085,1,34.198360343232196,1
4.020401338219225,2.716328618851711,7.460778087924862,5.0261989140402825,2.5920173801706774,6.636817586863036,8.791315731996027,8.395877777739202,25393.935381916577,1,3.0592204429969443,1
1.0540435929805518,0.4735502183409085,7.847286685896671,0.74684725148428,4.35618187763345,5.479943181105355,4.240287184006707,5.191497601490164,4964.263926372815,1,9.266157310783731,0
1.8962207868009486,2.953528753343766,8.514286236900412,6.5094312786093775,6.495969087101234,3.7990603671936025,2.657602247437354,7.919860536649396,39828.92185143052,0,24.56900598074798,0
3.5483281828317157,5.01248339082625,8.279534526929293,2.4180442031328138,6.465305601247932,6.13648742227758,4.394846834775954,23.65658650891597,43769.620499929624,0,33.96385117722639,1
0.7851743073924756,4.8585020704480355,8.139452452550941,5.2918129967795675,1.9405084441814957,5.028318959037007,3.484629810827109,16.330432284910568,69520.4795765244,1,39.66545911564979,0
1.23504889954708,2.1971353137155485,7.191828171237704,4.078670571663072,5.589317088196583,8.491338057345974,1.31978634130807,8.99916407176152,186418.69279669438,0,15.118212403820184,0
2.413778454503064,2.5375045340022897,6.121656931201076,3.386233356471458,3.6626457890911794,4.924910084152017,4.314795158916425,5.169059890153498,48294.0432538028,0,12.920375410822121,1
4.688543103047804,3.985891943176731,9.446524857982741,5.615108123565104,3.8407298254137263,8.36763552666241,2.2557401248136784,11.909138657185782,5919.518878360662,0,37.71928576974995,1
5.4916718143605125,3.6427029297044933,9.278890531536568,2.315232895866294,6.760526824093928,5.38966191423247,3.6205339408515016,9.172667072302879,4634.51411526029,0,16.55997036646237,1
1.3208665662881736,3.043079001079424,7.5791961653894235,4.702727659515835,0.8004041531342178,2.926309807706774,4.132695920957837,17.575027989437054,75151.9411353874,1,17.28586331061005,0
2.9893631402013456,1.8833112950100692,9.068325681704254,3.985433016482948,2.173249627115718,10.0,7.482080607069114,3.6341292346479124,52538.861671491235,0,11.382282977428522,0
5.14680502993275,4.520658278042114,8.250330985795093,3.1888070985464694,5.440086961763367,2.106082956908373,6.712756030982698,12.09535514836486,8831.751471466778,0,9.330241737077765,1
4.008971368260078,1.8089391352494668,10.159257627688497,2.362216546059605,1.9973163996536285,1.0465518466388786,2.5232200392679345,23.461932040650083,14608.605056939361,0,13.099342377387293,0
2.8422559498313023,4.439821996140162,6.531610610011947,0.45479837937852124,3.3162049433083185,0.8505283557549035,5.17106253684792,9.800553332667088,69362.81864374616,1,9.077802830346936,1
3.1754411011338206,1.1152235305439815,8.30991048765587,2.9284312600288858,1.6542140589856704,10.0,6.505918756243907,3.2836119169725158,41753.487678514095,1,8.418066833881703,0
1.3848346987034896,3.7559988732416922,8.190179898326583,4.643723760216763,1.9101218231001085,9.247980880635705,2.236357195155479,9.570722083205332,43973.845467998886,0,101.23123208891022,0
2.009712364540104,1.0669662286658412,8.741673938284267,2.780587755734032,3.620050708843671,5.288023413338853,4.505805732211262,8.820919811775038,11786.665494755982,1,8.195894168465998,0
2.4188964316220725,4.280112495481197,10.8057067163227,3.457997196887908,4.228267991716264,5.868284048018635,2.473878873217694,7.149401123031448,49585.47566900589,0,5.92460333817505,0
2.295611941890383,5.276909753362007,8.31442424479227,1.4162185904951743,1.6662398802500253,5.501842995541196,4.034704057057072,10.840265437679776,73620.63675480882,0,8.736765482390146,0
2.156860757163646,2.7350652432077154,9.6146982697873,0.5768396310829608,4.203089285421337,1.458687656672617,4.9542457128145845,12.298158241122536,108250.9412125001,1,17.870112926515752,1
1.2310958018220286,3.682565543636485,8.278275602386344,2.42843291763729,2.232358745214098,7.917655093357,6.4458737953554905,18.05242628178204,66726.35067109775,0,48.380240461759534,0
5.1606248585607375,5.020573965730817,10.10636941506188,4.73629456372308,3.9833622562088458,7.6557198550164305,8.098608418605648,13.823986288396712,42945.40929069431,0,31.010577599551684,1
2.623139249573352,4.73299164566685,9.629272496800407,3.466960828852051,2.502146611322933,2.5378138814684603,6.818056807388516,15.785459631581189,55929.42055944263,0,36.93375216922633,1
2.309942687514944,1.5549752140302813,8.000027508237993,1.7116276425698096,3.254658963526965,5.651366187675452,6.726521830070508,14.555379418893358,33190.24169044912,0,39.18112918297157,0
0.9595128593448145,2.2332391866798176,7.892048408794985,0.8650552596582932,2.4062977026478185,4.853171545215061,3.908125139039136,3.977470233323915,12867.230007097829,0,50.64711018279186,0
3.40353357371217,5.626481648234721,9.230440959144518,5.69658678014293,0.5542033690944942,4.577682039849713,1.9434934348934154,11.431278657362572,106941.3100564449,0,5.359451288092648,0
1.5694670027434334,2.609172476263037,7.516890940593089,3.005313728173001,1.9551508333865832,3.6418052728610864,0.947864024443753,14.303955961173138,38030.914080008486,0,12.263296794012742,0
1.620025771710848,3.6539673233562384,8.785948893446816,3.387777609982028,2.612940287587109,4.77535376559686,6.553871797521493,16.34619915079478,45109.32222434843,0,9.729089438119528,0
1.9459935313145535,2.00105295485411,7.966305133105184,4.5941329384459015,2.3074629383127023,3.9463083321967467,6.2928788066176,23.667731969665628,230806.0653267847,0,9.621356069752347,0
3.889033363849212,2.790882966522514,9.05215397223522,0.23197620212921644,6.943659198080445,7.128482590347053,4.737574839618887,8.657576644456473,210037.5421338701,0,21.12736445346526,0
3.240072686151163,5.845293062890545,8.258473636506372,2.338567133593135,4.18353525842033,4.944717404792904,7.00469304492195,8.363191855081741,44132.037946246484,1,10.27670497353159,1
0.5696068686177275,2.186715928824578,7.461128233914301,1.300806445696482,3.306663042217748,3.6149100876221194,3.8321551015257898,12.350552069431114,1727.3601765166604,0,19.159465364274386,0
5.068443274386882,2.737280175593227,10.157960361105417,1.3811251913254274,2.5669837030208864,4.949573906005048,4.784393382229223,7.8919806684727725,25221.26895859218,1,9.63437937189063,0
3.0439250526781687,2.3557197297001924,8.859334355865073,2.3370590785378833,0.3946739788148796,4.7174022083888625,6.387809358882418,5.3004491360882335,138464.33304321798,0,7.454001339327984,0
2.972452247392276,4.487472958257429,8.41962193702171,2.9503954680316617,2.419660494908709,4.633230032454177,5.6661187173740615,5.916643129901371,17005.403378888543,1,8.710565564330285,0
1.367056096153261,3.416095459898453,9.129983117831207,4.575604906969853,4.045155189377481,6.3541775206807705,6.914971430947654,8.37825327874684,361033.3271461069,0,32.56803754352457,1
4.4914011712217095,1.8853630084764772,5.993219000655051,4.694326530333816,1.5136424177149566,4.44671818138915,1.8561611859044969,2.4805860432894287,4404.280972159565,1,18.37843561243195,1
2.5181479605739425,0.697274072743297,11.63527723714909,2.0072237820919874,1.497452639277753,3.8578413944630907,5.580109295299337,23.986974499294558,41979.70167779444,0,72.9914310618591,0
1.6951392607312645,2.8700376979694315,8.537031645828488,3.9926188263542612,0.9171476730031356,2.279768573152272,2.248295959499523,9.36636442401823,36226.66666749265,0,35.7541011550367,0
0.8014649270573643,4.231623401429899,5.555240635178013,2.267646033446803,1.0584678364627929,4.982810169211464,5.552491636297424,9.297090869486926,14742.244102831239,0,13.302105451178258,0
2.3253705235538353,2.5444631134523714,10.295641789388434,5.151830227336816,8.473062365872387,7.4907066241113265,3.957525782573285,12.715594386502925,148412.7922324298,0,5.5513700184375425,1
4.841625365767797,3.667331463052714,7.372917245975688,4.608050822489449,4.157920432136944,4.7523809503442545,6.850310353608682,2.052396624326231,48270.26874620525,1,22.41158274510726,1
1.693257626556566,2.7097255603045167,10.065570029914197,1.2611628106902817,3.3609956719830665,3.9964019471324255,1.987543682193169,21.956144921149882,13083.06400484969,1,25.93975440816581,0
0.7477892700140166,4.014667875987283,8.682351231568974,3.312480334152465,3.3072112872945154,3.4855283022235204,2.558097354880031,13.468121734570923,24229.328087691592,0,12.478989846553981,0
1.8524232349219432,4.634281692866867,6.144377762741522,1.3008949421356628,6.364828925468982,1.5523310979951401,5.863702729295294,11.035282209088152,63868.3077011929,1,5.225272850160176,1
1.6796351370450526,0.5329464507829071,8.891892562907776,3.5021863807479514,4.974119691745951,7.352904402209624,2.0004261183579617,14.450848908632835,17669.49675298307,0,16.294472345305685,0
2.7633549496605445,2.216669158299189,8.781564172191887,8.375168275434657,0.28251755150732366,5.969403500448568,3.9481861955080384,10.949288928858586,105849.3629785134,1,5.856016414634203,0
1.3097855154707987,2.2661367700726838,10.227657204080309,1.9679080537556635,1.1988732609074144,6.539260580688922,5.314598038475072,11.580705493035923,9056.547170230157,1,56.26765355320859,0
1.542500262093677,2.584065917858716,9.283245805582625,3.3598746645588635,3.518362100176782,5.50213912195389,3.9394378342400587,11.117613423114253,15360.582962155315,0,19.824825302548803,0
0.8993538353011882,1.3908263683369384,6.640882529417363,3.2363799760078704,2.950551195207095,3.3892848066998384,5.844379290601653,2.9833255703683763,7826.761810858424,0,6.904273565514697,0
3.465590425511273,3.297479813202082,10.003403908927769,2.2170570495667317,2.6715035669736915,4.366313561776876,7.153841782557655,9.294183649068605,5500.7241379551,0,4.860056156806258,0
1.6499025374641894,1.7004366347810917,7.878903350799516,4.392522432766331,0.8345523761312996,3.9989209828334635,5.013914655466882,13.272897736084598,17856.28252200585,0,25.22662123690988,0
1.4543818446371128,2.8477286578075622,11.080397963282403,8.07902075559325,2.1260416101978055,4.166279658576495,1.5266972802614984,17.484703169975496,355233.92630012264,1,24.605875656214202,1
4.51163889216197,2.4980065812412877,7.967830168974464,2.5758336055617246,3.851103132412637,4.17854222004507,2.971736860623457,17.862573209464475,4953.981492543047,0,18.182937775303774,0
5.292063498589319,1.1596206812035246,8.183062963310116,2.369772020076887,1.7599235451007267,7.209552736111636,2.823590550311362,6.001955494174103,11976.490781752607,1,19.05396143483972,0
3.7717719713879494,2.073025882078416,7.267119501139371,6.0492140391613125,0.696081751818765,9.043429972308523,5.489632623934946,10.16572855599954,15846.399718963277,0,18.52020642969659,1
4.9771530922633085,3.9991775561691667,7.752102946488739,2.9207530204001,4.367433952770138,3.2554518097292062,2.5807088390440414,1.1248510633486786,48264.8170494859,0,8.928975026686015,1
4.231845666292448,1.7935977336697175,7.355588975001828,3.7384408717379802,0.6581993071338019,4.6615805233487455,0.5333551976147582,14.812008684652483,68392.41628831298,0,55.4244043837392,0
2.1733647489695556,3.427534790156331,10.264673238049408,1.1310602786877813,4.2798481303118345,5.433564143427214,7.180935607777825,18.210353993428235,69702.95642341152,1,13.05079720930796,0
1.054974346874187,2.782214779492352,6.502737550668321,2.401389733303492,2.199423186606852,3.0390942080627963,2.2101091548380047,0.7123259413724997,433.67440610617746,0,0.4107471058240539,0
1.7711581607683304,0.5235015124256763,9.706869453606464,0.8399536702522176,2.230237811429167,5.105624404988527,3.8995236373881488,9.079091024724022,52756.158770784554,1,8.565301536030434,0
1.5601042342477014,0.621503949558326,9.742990182276598,2.1629603028155144,3.8029643126062016,5.7032751346657165,5.093380162567195,0.34710353150228046,49812.29125025975,0,2.7917384627331727,0
3.5830272724841477,1.1391237660606988,10.566321284419862,2.1262093012299026,1.6781066983081425,4.843977423547398,3.150285396760144,19.099598708227614,36454.7496914465,0,9.031766054100865,0
2.382117203777517,1.022951544926662,8.565642292659902,3.4284572109898726,5.493544306425795,6.254057331838437,3.1078696333675144,2.28030091948929,23838.005056461374,0,18.74326536320018,0
0.44437637134920616,7.352244450116939,6.959959362888576,4.897821240239252,1.141141820283738,5.000657447336263,9.349827411969489,29.207601465843208,79836.9931152382,1,0.45850523320934317,1
1.7743415640634939,3.847735905736189,8.242362928960057,3.983819023645939,3.8199604493848844,0.0,2.8465924317468945,7.298811875182576,21070.639613383064,0,40.83529134770296,0
0.8105034586883751,2.315485497660848,9.392047794971218,0.646407963221955,1.5400190780447918,3.0789929300702488,6.911847700071237,15.233742584038696,13069.035103109822,0,18.848029311956925,0
2.332597297899884,2.3786919937584425,8.627094907750207,1.6685919533225926,3.0642124936313406,7.864814515275507,2.534168887523091,3.2521509736602754,18560.081253029166,0,7.001701987876721,0
4.563029734443914,2.040041905022354,9.05009162827872,2.340779093309216,2.8151858212671215,6.040564123601386,6.603791658268978,9.540799983357047,28959.498669563884,0,7.456236748026027,0
1.1099512270858747,4.1915853582091644,10.54792920383705,3.064802983194931,3.463013319288639,0.0,1.753830188576639,7.69883085073508,12043.575097231054,0,12.534764814286763,0
5.24107383079782,1.8797968822767501,9.373005031642924,0.5620670893569913,0.823776941135427,1.9796796438618527,1.7454507767191172,15.284199094930187,46770.01386155554,1,5.702820898683188,1
2.494485341513156,2.4432428860511557,8.797662292796282,5.497857175558534,4.81533069156944,6.443640462456111,6.152399104410765,7.553970407974541,107798.50930078576,0,0.1,0
3.5765966969172465,3.970802845779711,5.73345750666897,2.020602964238151,4.155421418566158,3.847690897289702,3.4147095241964873,10.111712019570154,45250.248338943085,1,0.5383293581669557,1
1.4112419986769889,2.2078531761749005,7.324224123017924,1.7919993174106938,3.2372151288166395,0.0,8.30372488168599,5.482879594094503,29589.882581231148,0,8.855262382295487,0
2.5621935561558056,0.7705042322834559,7.892987322708717,3.4842500166124917,1.5282324754959473,7.118781134379391,4.188321214013301,10.961259647343253,79695.15185073625,0,2.652845511179349,0
5.239791499617253,5.512016763768751,5.534330230818317,0.8311103713730181,1.5809264910779688,6.447741749815371,5.271510818670882,5.045059005681245,68923.97342960828,0,0.45235067140144636,1
4.819498063691885,3.046329519476903,6.836097120299249,1.0909672322894963,4.7565969792798874,3.341375120888449,2.621655431300161,5.179319379999723,22868.834010870767,0,39.218138619934166,1
2.639644320402215,3.8810956978868134,8.097321158204855,3.2366701283558443,0.9116809940513294,7.49005127144663,1.5736853772591477,27.22117654568986,46336.434751533525,1,6.407888385903105,0
2.2351415888456407,3.827938983129328,8.341422962948354,3.159730888641381,1.8415928374713002,3.4171786512448366,3.0090683010445263,8.83776201647181,65437.57452285692,1,13.988238348862843,0
2.7642704708167387,4.272034602218529,9.258715398465489,5.125173775047786,6.065688925197844,3.754190354373228,0.6298871318458028,12.689703745126087,14082.565241761798,0,3.954611384353202,1
3.211292553414071,1.2433201768324815,8.19206110892291,0.8017629106270341,1.9420968650020551,4.028609187257687,5.280096062383616,3.5162028345399534,22806.9201907462,1,0.9570365080586616,0
5.57406885681536,0.932996632793853,8.872060964343707,5.970985395969901,3.423885523713584,1.2090548467460809,2.585283177653575,5.966840825815359,5589.952740221633,0,27.31935110996247,1
1.621890861748199,5.549327567438236,7.873315826381402,3.002720112545414,1.9005659231733953,5.825415534446884,4.058274264386742,14.991015355025425,219827.6955486144,1,2.66964169730131,0
1.5480747939205202,3.2212773081969486,8.563019844330212,2.2220167031766893,5.922968409784184,6.040210164956288,4.905030139704481,5.370332013804053,4489.542740259588,0,0.5210672591021002,0
2.0960392282734936,0.06476030053495402,9.176459216127562,2.779895428398809,6.223186361252832,4.082944715168141,2.3847264593868798,6.201466200171667,9232.580971551432,0,17.697310742883257,0
1.0686653718771086,3.2390163923628954,10.708945375994587,6.529782208941228,4.8005062007015535,6.412506747189704,4.465155454069297,11.37391482311521,32680.167294661765,0,0.2711816543610972,0
3.6441921405229003,1.0705277787370084,7.728035787848181,2.8449989708823553,2.9379237246176206,1.8177480559634516,3.6279488925835652,7.987262234075012,100224.80561682228,0,11.46416300787418,0
0.6985421523280302,1.737916178922395,8.716272987263393,4.050622718817751,2.8674855215968846,6.372160877199943,2.938726885092351,8.501844051105707,21993.66877378005,1,6.817045658062756,0
5.752524381494895,2.8335918004310425,9.803691305827291,1.191577813000096,4.086581860662495,5.650796321980665,4.121970323877188,29.17042089370211,73179.54079181397,0,7.6961388477213895,0
2.8165155884564697,1.8379395584475327,6.340609588254674,2.237811362721538,4.386576762478482,3.6186242883135264,2.7497389785658366,7.636832426194429,56355.84666381358,0,0.1,0
3.7944115369394513,5.524445878734532,11.496739187540696,4.856710051822974,2.5726626837815947,5.828230934583511,7.487438143135572,13.25678843863231,50897.36095720403,0,66.6779238195783,1
0.45659631002925305,0.8485274740503805,10.268546128887921,1.839094953522603,4.346953928082511,3.2368251739725324,1.1862158462426873,21.817859716249252,93222.07324085354,0,14.553244717473714,0
3.907392159198113,3.7309638445250686,5.93276727195259,4.795045122437262,3.0798066665062125,7.210221807608383,3.757559321933309,10.809800439487292,713.5823414634145,0,16.99658744784274,1
3.2590294062100393,2.7018494321410325,9.05707276240516,2.5743060350976945,0.6738166921341581,6.054103378525223,1.5141223331686213,3.629192939846882,132361.66004985973,0,21.93962149115262,0
3.4508415028298773,1.0732848282315357,7.653319849203827,6.8315461690218795,1.59621609596042,5.727285369045223,8.193567668133856,11.882020982044546,88370.76450169011,0,31.942460166964675,1
2.3701367390107055,4.461102236091254,7.903977952122833,6.416275194166092,3.4986430772107644,4.0752556613942525,7.121960605509877,2.5850034174816576,138924.078270706,0,18.72523239827556,1
4.243518655493258,3.1263942862961387,9.025752245233157,4.169886929379314,3.312211241569636,6.550363658239343,6.8691308561068265,0.3479801646590402,78894.02724264529,0,28.726346559004945,1
1.2881200099088816,0.7413978050904986,10.075599303811659,1.2120865000945338,3.4645967136306193,7.407421070790198,0.2834069432616853,12.463524312512646,105429.681203316,0,11.910803513683213,0
3.299114686361586,3.7523231496504033,7.801190586740072,0.5813626481247709,6.150910747512654,8.213785400964422,5.451520850364987,5.747080737637694,11349.926623225982,1,9.281230862126957,0
0.6675553056618239,1.8307929039433812,7.82132769132459,1.0222856217743412,0.4872258372351076,3.909425858981175,3.363968737657341,21.63938721712014,19226.469890612203,1,34.64724744352133,0
1.0571078303232644,5.3729395609119734,9.058250143549163,1.9042472064440927,3.3692105786515905,6.637074104870301,6.061942170876745,26.964533322729707,18932.95700921553,1,40.09566658163764,0
5.357995621053333,4.083237876798921,9.357934482958749,5.019825064016899,5.0589427942648415,7.790880981175105,4.041640329670862,26.158348214577725,5779.900683467773,1,2.9655150495205835,1
1.5957134377575064,3.015094176135155,6.989302942293879,1.5841800477503538,3.3776652216128156,4.513911874710506,3.066382284853479,14.287173762579148,65388.81095669877,1,15.646571820202219,0
1.2287989871766325,2.6877666367357205,11.085509352537933,3.8092845476941513,1.5503450802293874,7.810857363071858,5.23817399614266,19.282352979291538,7319.016110174,0,23.017643120398642,0
3.099564477393267,5.4342060898865,7.535028509260267,2.3863724267467017,1.1189071499267353,5.317729346239635,5.984643445619426,3.4326662791674734,2696.9008017209,0,1.7460189956604206,0
5.006741240171694,2.2075028966638235,9.94701135952963,3.7909669150263285,0.8502413541618206,2.9626924373946806,3.994849758352736,3.5427749716916264,74682.14704008313,1,53.070336002362154,0
1.9253338124350865,0.364518523866052,9.177556974836016,3.0938035452921433,1.7222332450656241,3.5800694519325384,5.497890432746245,11.526708672575355,117516.95381847609,0,14.68395788790316,0
6.798139772747849,3.0041112342278495,9.409485883012431,2.2403250817145675,3.328031531859974,2.1131711274828975,3.6047516101241586,7.471926671701235,72222.31357302696,0,20.73853639639498,1
1.6580692395614125,3.5698310831392948,7.564072875638098,0.7149133120748365,2.3805173230445833,4.922189799158922,5.260540811711497,12.502339493325746,87249.19889519508,0,3.9262048303649855,0
4.453257317063411,1.7224087301411908,5.914224671784941,2.5593824725720338,7.32796094254674,4.679632867529983,8.606182481156125,11.910615068215172,45270.21990976968,1,6.1423189217066305,1
2.8710346659034744,2.079511822609694,8.467897753136203,3.6338559913676,0.7654123087677477,5.376780629813094,4.123130111566424,22.327756464548614,109349.70642622403,1,2.5794353092621676,0
2.0515210248463083,2.7088766991001094,8.474079795908056,2.605898069298054,2.177647822835627,7.723404239864653,2.2794021359523353,11.803017571713475,34328.78921368699,0,6.130468472864093,0
3.5694829997941007,0.4194774751904856,7.062967138472068,1.3258742076997314,1.0683904585389634,4.967133381598482,3.6000480666558685,2.5696932651603106,222505.0756143013,1,13.561103412172423,0
0.8720531597496316,4.819352936103068,9.876914787343168,2.1259799278623075,0.48281217691125927,4.465741378714853,4.169019906083104,16.506933430641094,5458.11124858757,1,35.870772955434745,0
2.3791157291652003,2.6960042286556285,8.422705842720339,6.273419119729548,7.63753205176089,4.600989589261418,4.687235004658673,4.993906989593492,82821.42035813737,0,15.259525818530726,1
2.125906368597829,6.208246543019971,7.286391007086322,3.612516699040243,5.147054923172821,1.293300975861237,6.865061737195266,16.81792170173604,51275.91017491999,1,5.606546321509408,1
3.3804747122767607,4.688335591908051,9.377607016576121,2.829851600589382,2.817996523756094,6.36693055636684,4.199712336675018,14.12793113665333,43452.00048536298,1,0.9129447395745766,0
2.9052756084271985,2.541619893693439,9.417430001669064,1.2374234796781067,4.338131697819429,4.698415050079145,4.587955878189074,17.524789897042666,64696.79591788752,0,19.45562574717033,0
3.479181328972756,1.3877425576752234,7.425478091296149,4.495020323135038,1.2854352633543784,5.160663523038451,4.477236324957371,15.493013777928347,91720.25966126137,0,10.900057971294189,0
4.22199607705117,3.4278507490600636,10.35008789861407,4.744523461216781,1.1646949874683268,4.598470122946013,2.9920308434992053,22.278098174427594,99346.42417805266,0,83.15062946976894,1
2.4249642318363556,4.582060243430688,11.864865944845532,5.200174508590103,0.14399838505569035,5.254770199653995,3.411518995579123,2.6934130869023076,9641.688628150005,0,30.260737957191335,0
3.0247633739273527,1.0640682124217355,6.864954256789531,2.8553553107892893,4.064533401369953,2.376482911049366,1.6931859164825414,6.035344677537555,10972.265521807425,1,33.043027567491585,0
5.685546252018754,1.0093206898383484,8.22445905043511,7.071648673378,5.313084482650424,4.997838885490008,3.2081735607213946,18.619116012946606,814.9306617027978,0,0.24620973881792563,1
2.9393240112032726,4.9698915383818525,9.005514701348487,4.506009363311959,1.9833818336719031,3.791935419109191,3.338057068590218,5.165156927618449,7069.104027582275,0,30.083127959300853,1
2.3718069472344743,3.5005452197862574,11.920390345448391,2.1307239838820387,0.6036596452987315,5.069858267509558,0.20711277656399543,4.495932400883116,15318.275827154463,1,4.3286551497979096,0
4.348483136027772,3.0719488333279052,7.399334075788932,1.7229292285097932,3.9169858283149495,2.970075173542636,2.605700947413191,13.967001966867201,63833.59508209235,1,17.627927291329197,1
2.476647534198212,2.2967342138208813,7.090623267107878,2.4604228619905726,3.310436700079256,5.9571290808007635,6.4226045561894685,12.626073463963262,32291.00039752576,0,11.863198102089427,0
5.915252921662858,4.628837200078556,7.080371279072873,2.6969517725357495,3.743677762773159,5.042810643075949,4.642304899772946,18.51812678256178,70920.95094807187,1,16.95413857451004,1
4.941427378687356,1.5731488468909345,10.332135390087927,1.8145404002182821,1.4605040640682683,2.409041469152299,0.6928127278431728,4.898523257532274,33328.75313999758,0,2.864560021181232,0
1.9275092244199294,1.532323238045852,7.438253082649098,5.4144942580100235,2.117730769112694,6.892671125729427,2.9833645531357367,17.8527453078541,40551.22448536817,0,12.208929943892226,0
2.1570858057122804,1.2620172947520754,7.224798695923573,1.692318800962294,5.0469944156859805,3.971317478858775,6.464818417118988,17.058007148902007,5886.647341431501,1,0.7528885906210911,1
4.5482743242485055,1.4955356823994101,8.846450993042732,3.42060816875166,0.9427648378963271,4.2827601012738965,1.921406342985699,8.362191704054787,74930.23402430891,1,0.8372704878103131,0
4.32033472949111,2.2582571868089083,8.96233196737597,4.727719575796125,3.947127459560984,6.59643390714132,5.279209856287132,4.964249944929749,70967.02749466586,1,21.44358270853614,1
4.7273802639386995,7.9488390897037675,10.106530708169254,2.6416223242655876,2.617245142578706,7.146760230277261,7.7545685708159215,22.65197950300159,18376.799296559,0,60.60580086732784,1
2.538973946761992,3.1524460670736754,8.63788905551084,3.3558926460954828,3.007905429783473,4.0682443104405035,1.9833619919636511,6.579559719097699,19917.877174765905,0,30.04694057796344,0
2.8572136176326275,3.685319696129212,8.8733981589404,5.508693617381048,4.337445116211839,5.222969634302156,2.542414951607896,11.32224235869124,12402.652298431289,1,12.665733457112129,1
2.317922806044498,1.4154232907559452,8.34209407663105,0.7237303687668722,6.56322458078619,6.36393772098695,1.1637217937732829,4.195087302913692,84057.35098727424,0,1.1498438868430443,0
2.3320414628000994,3.6187376810334264,6.5435396147103795,1.8217594318783084,2.4047998592179978,7.526522844662302,1.3989062708572138,10.40136889967944,68719.63379202296,0,0.9213007526390881,0
1.6973032592208812,2.3806837052604988,8.20059299145448,5.380528635989762,0.570160493900661,5.17735463345031,4.579712663827048,11.153720671921114,46971.28187087458,1,3.436946339935996,0
4.915121741124873,2.0420580841266807,8.59425035937901,0.4153487163749713,0.1457188627177021,5.943472828950846,4.287171799794287,7.090973664819301,13644.409059944226,0,74.43673573811408,0
3.3195877515080126,5.050040708327036,7.834264780463002,4.74139212680531,4.754325688995075,3.1721132953839843,5.561947974413581,12.968768313698892,9428.250287944069,0,10.171931081149136,1
3.427031340245881,4.198707864938515,6.153319020064048,7.544766420280822,1.7285820274808052,1.9753935395529312,1.7487465976320267,8.786917938910916,2578.8167838196027,0,37.08214120383673,1
4.732074603715058,1.848673399341691,6.797514298358321,0.6284388525871255,2.386477495906168,6.109795854015729,2.6819742767750583,12.501814132669331,2334.221931693591,1,24.425257662850314,0
0.57826174727944,3.446433197370657,8.440928053157277,1.6918497934240837,0.27845217656726434,3.3861473610194306,8.45257410480302,23.182778603174995,10359.58185475155,1,18.599106331129153,0
3.3428233745459153,5.5555360435074,9.89912964385789,5.506143475097911,1.113328795342324,3.1512857362830413,6.622032728506736,3.814058222894001,5297.619668212065,0,59.06346264997377,1
5.055663733930453,6.206594596247637,11.023426144184825,2.0054384048759215,1.6412445136951535,6.282839537733434,6.605092339213991,10.634575438669307,40608.662627073354,0,5.237988286635742,1
1.0926771693672341,3.326109293853477,8.224254129519817,2.402676528104315,4.633214965106513,4.705102184438955,4.430798835185267,6.8512044524560975,22165.368555995727,0,12.135341012498733,0
4.76371862104171,4.655578011923071,7.424688593931289,4.320957185456946,2.064430952532266,5.455140565630195,2.556686815822135,14.857796312869727,29434.474010995764,1,40.008609942464176,1
3.3515201891643858,3.8774042090762295,7.941235752199293,2.9197121334571676,6.005388617602251,2.4335148657080508,2.803146162071784,7.91579658097173,45078.38049444708,0,16.048587860216557,1
3.113112656037835,2.8380271714568925,6.930377145709432,1.8093612470996854,1.0051238996057474,3.1778578274408398,9.37539808964267,4.471304958519162,53808.56098457776,1,5.659069123371715,1
3.1565145210422436,1.8027770961226803,9.681618311967148,2.6401485771326705,0.6559428097568237,8.261237960232725,3.0417566523358524,4.344148532257601,52234.86677492062,0,4.687032981760868,0
1.3425930596426694,3.606903214452604,11.706417444068835,0.9948923183560116,2.2167399657609916,3.6839882979557275,1.765972526516639,6.700097563871688,15113.165650999108,0,27.957705624296736,0
0.42612516540273193,2.6174892980378583,7.461197673467495,0.5589908411130403,2.1834238097662735,4.593414989838221,5.740493660897382,7.799093304593837,82938.50400076935,1,0.2574275229929779,0
4.402492515093427,3.7094644133761268,6.711937683757101,3.4196875167484073,1.255326155761531,5.47472601094261,1.2036910321021912,8.968265588584611,124875.08370916141,0,49.11287877578742,0
1.1959349566408641,1.7463053772652901,10.009724994985426,2.4475422886328846,3.0348542768750053,2.860078284289835,6.764837512930724,4.556130965172991,18985.36148914779,1,0.37179422108164617,0
2.0007793132309573,3.6563605627800078,8.977077322268439,0.7219390214018117,2.05309121900994,7.7055996913914395,5.109763174502035,11.8175469821259,860.6354464703682,0,19.93857904264049,0
7.007817975708072,1.5573460616986674,9.002393538843231,1.772208190739735,1.715350826919989,5.015005948963376,4.538069596713379,21.41760004413314,114708.12645314583,0,18.56463290527752,1
2.8175554476712126,1.227277623157471,10.882260892256431,1.3709504310698382,4.712669281407486,4.527170739442729,0.2984830404823546,16.612896763202222,128555.0886606186,0,17.27449462951396,0
3.4926511547555155,5.411885797368532,6.450270519046951,5.119109249756041,4.305347938226216,7.136226577005777,0.5729746596757109,18.163241061131266,2614.5022021917307,0,12.862129339422406,1
1.8348662812958907,3.3350088411195236,6.408375152111642,0.9924042183859233,3.802458531509933,6.823599892821491,4.413616357774389,31.396776440212655,248.44582514969704,0,38.26909787910842,0
5.023166737897836,1.1605761118979938,8.257428525729093,4.546593373731095,6.865058406995022,8.933981764741333,3.964360217004165,19.057481064002378,84751.09261469055,1,21.536988753238727,1
0.6245007841002178,2.8270255620596996,8.595105266290739,2.4671040124495263,1.6356212183734733,4.125935415341073,6.0000229544823505,18.19401093562764,17938.381925089438,0,30.45257358826146,0
4.354437700393007,3.202449016408759,7.967577599889013,3.11607364845548,3.760183708361514,9.38655500612122,5.84814097750607,22.69881577492773,123010.01930609452,1,2.455148382784225,1
0.920630148030118,3.727884423006114,12.19112939306257,3.712389630144072,5.352146393934136,6.2922805212041855,7.938395085182912,1.8068836129825598,12214.757198692743,0,1.0237320533219225,0
6.257518883853295,4.629376504144299,8.03463691272111,2.072634084739904,3.514337462027127,8.380806886028836,3.0180072691176534,3.856754823788533,98719.71556010572,0,0.5788671173039203,0
3.7700811694720255,3.0685237668604834,7.673912076591678,6.28256841034932,5.377244184114223,6.971607820688605,1.2738549400265269,6.677711997793189,3555.6989933671975,0,3.1847448841737496,0
1.271719790497805,1.6341578506865346,8.686515377321696,2.297379280388114,1.7398307814091174,3.7160380529090364,3.01563612655925,1.746557475374387,15098.303389745086,1,21.992729674802327,0
2.7435287356315836,1.1291657035485816,9.956330368020028,3.0442673346171913,3.149843139281735,3.3325816880827315,1.6513237032418235,9.452418044103203,180835.15716276487,0,13.625232123098334,0
3.825666156869312,2.9199593392792327,7.411858385224907,1.2371860997518773,2.8836826986896757,1.3917545605767856,4.316345228681401,6.264031206048259,13146.003476458945,0,27.906884248425172,0
1.7843961982715926,3.9113165789975413,8.279520024752529,4.136701294448107,0.7258113036637605,0.9788437432762089,2.552005253067899,12.07228824711021,7136.563908941697,0,4.257190689691851,0
2.1629053677438383,2.120195276907734,9.998926960351762,0.721102879559177,2.613560332246885,3.7754684693772256,5.381944576144312,14.129075949492107,97264.64534497097,0,9.144529460592594,0
5.209740341645329,1.7591720072213004,10.082209649641934,2.7338722835369627,1.1265259986286913,7.534009997244127,3.1806115794315244,4.480260742209482,6266.869439847041,0,43.874174044418375,0
2.7907400492669296,1.7816691055291842,8.826442150184276,2.599552384370452,4.779893719822162,4.003745679569816,7.2708012615138715,15.815898929721936,5126.897840237489,0,54.888437892280486,0
4.849887995749728,1.8500932622098667,12.127586830381752,2.181683695296925,1.270129066737764,3.6471442278415345,1.3289237964624094,18.670521718483492,19535.60855539358,0,50.951601902452595,0
3.4811286421957988,2.872224558534371,11.47097657004343,3.701728828451698,6.152943056869128,6.3992725539034625,5.9198136531760674,11.958984223454344,50437.91743664763,0,34.10852130228601,0
3.7769730827879666,2.44077624744839,6.390825728410392,5.211537919983832,5.074217975139991,3.2769336636341473,6.952652771178988,21.558980089373886,62022.56881766056,1,23.31016796495705,1
4.552676384890686,1.0039067460857114,5.962058170468637,0.15965601727786566,0.42682986799377987,8.68113023621223,2.740691274256383,5.970886649171359,106532.01942739343,1,48.993391221153324,0
5.64636774420852,5.070846832395546,9.693571671798038,3.4713099927347546,1.053626352572097,4.476665023508717,3.8321396039199227,9.987090404725778,38925.616679725434,0,25.047972125951464,1
1.3525495524082083,4.574986724481241,10.54804846696174,4.506412511691411,1.7724453540775764,6.861377267824075,3.5886054719779064,9.180659499983724,24995.750310826657,0,61.5545788938082,0
4.189062970344011,2.0267801089675044,8.16286152271239,1.2192916212009854,3.6301200963856135,4.599865188792357,1.3386650522256955,21.143430604556354,22223.32568864283,0,0.5020147239858713,0
6.277239733678208,2.7088059251508483,7.746706312414257,3.0726870824597508,5.5855537042582535,5.049154284546287,6.312161085668652,5.182787617193458,93834.08990076723,1,50.92936611279185,1
4.233062618932802,1.2363565798874872,7.26956410914146,1.9722087264333679,2.9753920804860963,7.254171651104467,4.372581370171884,14.865909168436772,64334.27342586784,0,16.226930183356203,0
3.2428653273174852,2.1260934820701642,6.747982114234443,5.201624155441325,5.830439691430497,5.458700854725474,6.266027596844612,23.41881699484147,117920.22744816524,0,2.3711160992740457,1
5.23732353428726,0.17791437165485813,10.204514193867773,1.9910593605647335,1.8899303981205362,7.987588695736251,4.640003317436438,31.45462147138641,166261.08536370742,1,4.839170708111883,0
6.8436439321171925,2.126693829437313,7.928057558793136,3.6546957223362675,2.6329698778014703,3.4334324423993734,5.47739539806124,8.313720788539614,17837.37847763881,1,38.2323965490274,1
3.5926527588984385,3.617735658739731,8.95270113551647,3.211463715211458,2.087060518849907,2.4019410338957474,2.064996011948034,13.7508267241767,37716.47300389102,1,14.109130810510706,1
3.9396143242129176,2.2923178351761773,5.761291387160517,3.74881671268342,5.060916993953449,1.5013474343406719,5.528742600334833,15.514749428992511,49959.276140985516,1,81.27753724392441,1
3.799956547644613,2.3828607842092846,10.003406553513415,4.105147071267663,2.146400136333378,7.509931457256626,1.5264604744107562,30.281166805717156,8947.2998272516,1,2.5006348471948545,1
0.8417433653931046,4.391106236521302,9.381667341834472,3.170390259700988,5.518389996590685,6.803176898444441,8.617186809548823,14.439873341193675,2741.135452784591,1,10.637698579628488,1
4.372271147397713,3.24077488541341,6.4829661996250705,3.6457336233786504,3.3411364167040594,4.468724141375449,3.346486923058462,13.65895505831447,101158.3212240283,0,8.065583272954349,1
0.9410779357588527,1.5635726196781883,8.888543232225572,4.654576203946176,1.1687654927465903,5.597510623976376,0.9866773872051339,12.967551929048774,38342.21685992069,1,14.519004760093699,0
3.9826128649897656,3.922074447459127,8.507115039291383,3.923810036662373,3.3999757669134176,7.138886551112046,1.6964174446469136,2.0520997921654365,42288.60981557462,1,20.071742200530718,0
0.7765506645751091,2.3270648589013807,7.8247676202359076,5.139973817783834,2.2505576148981916,4.619535785521089,6.235487624810449,17.27348346152262,40474.426657692224,0,21.67227479006589,0
1.2821245493162958,6.02107206748992,4.145609017147682,1.0799333228302745,4.116992611850353,1.4798944396943736,6.0743717986374275,12.997710806208698,70316.8346430131,0,0.1,1
2.1425064305656614,2.5475299863768956,7.50950610737294,3.7909456946129234,4.856624091563995,1.5053892627352417,6.8183608345594,3.580587906813596,7862.052612094388,0,1.8633790206292125,1
1.8980885239554655,1.1757099516942706,8.953646718664181,1.6874969114882934,4.579109332291614,2.810666921641284,6.097432256889173,22.655615833727442,47602.17058095671,1,0.7138665739471052,0
4.49549690409468,1.758669119258064,7.677152574164312,4.813649838953675,3.1915194902007986,5.204409018840909,4.140371812525229,1.7964651002406886,31694.83503540225,0,39.99031228455014,0
2.3408313613509115,2.2854099500160787,8.167457444861562,1.431457530011976,1.969604602695418,3.116750394306008,3.697916417145766,7.566919804064021,113631.00774326191,0,7.516929643208927,0
1.0047468691113757,4.7715251249524275,10.745135178985711,5.430854763471915,2.682372394047986,7.066974585536718,5.460521146177928,17.05423822390199,36658.98870116143,0,9.147701719880237,0
1.752910699720822,2.013276667077331,8.383737983280572,3.2869399741968275,0.9978833853216097,2.4528019979284355,1.5283103369623365,6.0567008136613865,143178.19278277812,1,11.970244535085804,0
3.112062459089999,1.0506157212915406,5.354800778758041,5.4188324019129634,6.49364103886077,3.6130739433071364,6.65771975905119,7.944630686815942,21790.004375261662,0,37.84986705262486,1
3.0725814341699853,1.3685484929887213,8.222724459024205,6.219955105542146,2.0131350113737287,1.357299581715718,5.96016295418718,16.09418412764385,170403.10407956791,0,0.28535120526368507,1
3.1622983906163076,0.7034352731387361,8.649091134342145,2.921801452449642,3.4847044604919213,4.10961657570598,5.65402419944623,10.095964185550052,104035.29627051526,0,2.525289202900884,0
4.493230296578294,3.295606459230273,7.261968014557141,2.698295642634321,0.5110784563617032,5.014242737630428,3.0023283978724713,18.116625746249564,43885.156355469066,0,23.114012447049443,0
4.992607592612914,2.2102250805580095,9.602122893611512,3.7466143277704016,3.029172493425203,7.1555171682366465,3.6941154373300207,12.463407365334369,21825.342817434477,0,66.42510615755609,0
3.79732874760958,3.871636978318811,6.306656541218429,3.2737726255105466,0.472841157330287,5.239968767676264,3.4213857295503964,8.109417557688328,23574.10467798879,0,20.588428328324497,0
2.5879512048478874,4.147605023306233,8.293388351413633,3.0599491133995955,6.100302249969923,6.481800651736437,0.9066596252135563,1.8771506868233476,74085.6863650657,0,6.05248894100138,0
2.1720650202910807,2.506060401001621,6.2893616479849035,5.048595651939833,1.9307147523219725,7.010226448850174,6.527645469591575,1.8310453337638033,43450.245786909356,0,14.673735498619916,0
6.337271424536701,4.7401534562609955,8.056468423813696,4.970558098144385,3.6694342342615243,5.784549509750782,1.8351823941634524,7.601389541301993,25673.755316469178,0,73.76197564349917,1
3.024225452045582,0.5747011523379933,9.562194790742922,1.2176750087126904,3.5906053842000896,3.2067765531234347,2.4166035013806884,3.453365547834793,50537.6207818266,0,15.018769629602364,0
3.5324383153672905,3.854811453667091,8.257480109178257,5.322815948208602,0.7640821213542,5.809208070086004,6.828833767258606,13.269008991819458,66069.05761575264,1,9.352373661145707,1
1.9600880118123296,4.8712597369275965,8.169919738942458,0.3617298716803457,1.7569843352074375,7.975608696641025,7.081244759218366,7.589064418356086,1158.3401301561144,0,9.671524182969307,0
1.9460414633823602,2.6273656637124834,8.541655117802973,1.930735361914173,1.7844248428461644,4.3701176804345785,6.251433095543726,8.903071076243886,4707.996141642913,0,68.24527290532332,0
1.2016596269169015,1.881101007522715,8.616651203458794,3.765207301358326,0.24527143127314588,6.109301878426316,1.1589609972663086,17.982878078801416,4962.5961361709,0,25.382071917341325,0
2.881738348704263,5.491198284603409,9.540627881060153,1.3738656246945544,3.653662888296144,6.057667667499522,2.9688086132101037,11.984546264855451,13193.967924266748,0,23.242089907482793,0
1.9451076843381123,1.4414643419034596,9.549723584657524,3.437649862365478,0.3718415429066132,4.262046696973259,5.366724797786816,0.8518980837135959,27842.64384697162,0,5.280725594084119,0
2.219017467003497,2.8680884417947,10.632543824927273,4.882882935389557,4.029164942567945,6.8746581448681665,3.3216607937178444,16.725768391168952,81392.79925303206,0,16.396199193409483,0
4.9244241405815075,1.7421239774138444,8.751425478294067,5.25625750548601,3.2552831018383745,4.2306167503855665,1.9978827749659511,10.713042704925357,21623.758511168417,1,8.824287268888638,1
0.8506599782258312,1.6349890804070852,6.0089132573349735,3.007642534165905,4.825372043428533,5.906103132523845,3.3674420810280243,10.261335497523403,881.6164124028444,0,5.494040929233516,0
1.7078468035505965,1.0412103245534903,9.786922899436515,3.4335937802553147,0.1587705436993223,4.521252115102525,6.111900020104052,12.50676238603565,33020.62792609503,0,45.1813735484799,0
3.2752994159792745,5.19476829484264,10.524736688806886,6.484609853199494,6.034909436963398,5.087255942198715,2.3030165984946285,4.648077060391053,284621.2916751906,1,9.662776266489141,1
3.146017534698956,1.4095813584713603,12.192542525777235,1.6324475218165413,0.07359818714457855,6.867146670896596,2.971949934726641,9.460435282820692,21463.894434184986,0,6.647652758026229,0
5.591300431761457,1.9427256987064125,10.677558821165235,3.6729447467884753,3.6531668070215195,1.106062808523549,8.38929716392061,6.13417915041773,162537.05716663532,1,53.68288379262347,1
0.5690746574113332,3.7066076012279643,7.764552384609128,2.1837569648564505,0.5100841185426053,6.233993561918151,2.8184030848507824,3.1636795189655187,5342.811191169412,0,4.3966407201722,0
5.215862971395819,2.6714176321463383,8.780776041232876,3.9802922076407476,2.1663662291876205,6.414336629817522,2.932337056369772,3.7462399680488208,9503.554827332291,0,27.369464872522798,0
1.109111744624727,1.8160050377854415,8.094059880189613,7.6868314191938545,0.4895786456288934,3.850198293899121,8.441461009879148,5.998389554967457,64389.83971188231,0,21.15404148192869,0
2.2652284530795472,1.725392066812919,7.890209612345259,2.2699358445469966,1.7097211765654008,4.937289425247948,5.309120745485405,3.154413724462467,34778.75116639684,0,50.636048139415664,0
0.8232379528839835,2.745845282196118,8.329771913745056,4.380498549195271,3.442995607842532,3.047588194786413,6.552633689199747,13.533336708023384,72434.41059145945,1,35.68143839413264,1
0.20337621111797918,1.8097731996695146,10.428614653199597,3.919457436566354,3.0357207080476902,3.401969785173026,3.347753483206958,9.111807172664715,99592.90959215298,0,24.435623249882752,0
5.15099224706211,3.9132830918221146,6.116243073233004,2.01013595442309,1.833915681969764,5.541913198481469,4.7253596132066695,5.532032999402087,14456.481052981557,0,7.55422646591146,1
1.524295832997067,3.7926599193446737,6.996181551415717,6.621118390461254,4.998002066674726,10.0,7.681737378641014,2.1554496149266695,57415.737787225175,0,13.686484799272122,0
4.01561690342304,2.965257175456262,10.329239533849943,3.893040979614388,0.5046332294868094,6.327928380849471,6.132002505742495,4.646446029351074,46773.83513790332,0,57.82591778046129,0
1.934741652155991,3.526147575112777,10.680502261110927,2.35765215350467,0.3944610982334929,3.3033712257951917,5.051336044176512,8.334516339699,98856.8951849361,1,0.4695209849953095,0
5.676055160091945,1.9368654373016678,7.510756437523574,2.9279856621727465,0.48651922584523466,6.551590223955502,2.894590880125942,10.161088389063869,28115.060827030324,0,31.62982408321924,0
2.07457529958512,2.6825781427280813,10.976122516457826,1.1961886021703136,2.04953173333567,6.161777063383699,3.739954856241179,6.8915166788562585,2663.2054800471933,1,5.801975819401736,0
2.4303279275432916,1.821569819938059,9.963823124961628,4.497825750670506,0.33410181523486593,1.5462686112407802,5.512507177034234,2.6318349229800715,42687.647333476605,1,4.0917591054982205,1
1.6867962259904035,5.261826701604474,8.098358295931613,4.532372803990526,2.581465929185888,4.36823799030124,3.224423429132605,8.730029297789146,159560.98906006382,0,5.285161106138365,0
1.1978721348434995,1.24777547929926,4.847101642013102,3.6451315115157468,1.8850159181961317,4.714905524277184,2.644022005052295,11.003177383227236,736.9635421785903,0,1.2322107227134835,0
4.281637369757693,2.507956364705972,5.9979772844984405,3.1688622950347725,1.5224114619342377,5.23616219979758,5.968586866039065,17.992376600686942,13738.818089071023,0,96.51589895776678,1
2.805328520070296,2.857864106265305,7.512734968585535,4.435435581719637,0.5749405124527137,4.9369698816390555,6.42306402412269,13.484649514071428,18994.823720290035,0,40.78429488446659,0
0.25530459181464826,2.6210906425601714,9.639905472939741,6.198481013025904,4.378574426411585,5.295533898932948,3.990688533276963,10.577103254931073,72587.29436272693,0,14.723430662835808,0
5.758838933798938,4.869729089786766,9.644650036821872,5.233042869327465,2.2420025274622803,3.1297100032226632,2.2904509149891292,12.90682274803969,19524.656663927577,1,25.112563885741217,1
2.4667491342653283,2.1664215830146585,7.800326212139696,0.679156752299956,2.116769784926016,4.349740003335141,6.524597438257378,15.659734472103757,13661.606425113918,0,16.265450477124126,0
1.2659141193795396,2.806081650503514,8.153088601956135,1.2053813972937242,1.4227184267221626,4.4684253262003475,4.523320663760812,13.256738422409914,52285.53148118846,0,33.381523265388445,0
0.7690526282307506,3.4663705529870232,8.451277975087173,3.0810889892795723,2.623191215680072,7.319924414882119,2.078159712044639,19.096512068368586,2375.826449810282,0,37.256328303509285,0
1.3178659947560378,2.942859470979591,8.171892980573771,4.267218884389665,5.853316381361486,3.605001619166277,8.242042343047416,4.125064391926553,9352.447262899057,0,5.299905583047316,0
3.4235225040309447,3.114475008804538,8.74545064550319,4.027606866614246,0.9592800711666141,4.511027458804062,5.509034772175361,3.989786298360898,26214.985367173227,0,12.314383141772172,1
4.422870444385288,1.67090865294795,8.454938264877757,3.4246579333037115,1.1243173915007352,4.287997172544173,2.211403993009447,22.033100727343736,21971.778461870308,0,20.148816915710523,0
2.2902080143355765,1.0411726646726938,5.988659276362046,2.09872553162901,0.6260001211407301,8.174751333893333,2.0287663464766634,12.127417539465789,21321.60581916953,0,76.7390811822732,0
8.133424050014515,1.9708533475315377,8.188657650671097,3.0417743050080097,2.7569873492097363,6.330331287884757,2.629785018157054,15.582014743043995,5745.57760369583,0,22.957482164047335,1
2.0792342426577646,3.8684222489626,8.466103250432646,3.1246299620213525,3.91599975855635,3.1326046177368054,4.9510082764972925,7.482348250038559,22380.024757059833,0,45.58421053273773,0
2.6083444259376067,2.894650765385653,9.984699018891266,2.216496416178448,0.8547906693711594,5.794893315105525,2.677797477531671,5.326360594090978,79972.5900000161,1,37.430610904257776,0
1.0952628416623476,2.555501593045004,7.253040802539573,0.313823910242061,2.037316154547095,2.9767583361738708,5.27497535160067,18.337950023818436,26708.48287508081,0,17.448494557676447,0
2.5085125200039493,2.2441111432559993,8.805858027017356,1.3376812858250042,1.7716868186157841,5.521146412060972,4.747194389822991,3.5572489590381355,44115.144028015,1,44.82140277623688,0
4.615262690501317,6.009842472388121,9.344259994482407,4.334924856557555,3.1928454986132953,7.732059654555976,2.1757943825438764,22.71362959929977,8931.184675326398,0,9.477718402286605,0
6.224521206393593,5.705924664824104,8.277479231788268,2.405098677270727,3.29401454682351,1.0873603578508741,3.1449855575663417,6.773449536363804,3613.0189562684536,1,9.537617441581123,1
3.984798933684013,2.5665449677539804,5.867803171943132,2.385862953133736,1.5382575410756991,2.9835725968367104,2.8456192983957473,4.77787461316723,105994.86430204374,0,30.370533625991637,0
0.5873432228468864,0.8333335564029919,10.015103530890418,6.293881975069004,0.517421430025206,5.311686031122083,3.392319962053457,15.948911450615045,20126.415945854147,1,2.889967139577264,0
0.9968586243360074,7.559339192671153,9.620711848039905,3.9101759301185384,0.6231548836229346,4.207988130663358,1.9254307039013565,24.206807987306448,21565.093541549675,1,7.300630042822062,0
0.5874538677015844,8.197328139974289,8.843160070037023,1.3419158735116685,1.1929779329575156,5.427884602157958,2.4327809154807114,5.637239097887065,105058.94455459624,1,18.75909680757925,0
1.4049481279644285,4.854447487553563,8.560495601333717,0.9350744932010736,2.64630765973381,4.833337050249183,2.075065846545515,3.7347316786563125,61510.93657282431,1,10.896805666657347,0
1.8135617969878268,2.3468462865882858,5.827862650672554,4.210098976986354,0.8170665448912445,1.6384242048953537,4.226537246222764,8.808388771869165,70583.21590527023,0,56.5109176482533,0
1.2077322769540526,5.687097367494747,9.661984953835113,1.6819674787257324,2.8252512906597405,6.24396198804228,3.594992032401452,13.088945362792368,57285.74263820335,0,63.64416236649454,0
3.8039050558718577,4.4364396924515725,10.729594064992565,0.970916228222125,2.68948438301493,2.330342833843364,6.766771016553114,9.76860197406705,5590.857121513076,0,13.966463410839967,1
1.1550874706878707,2.7424981718571892,6.829381719367188,3.0217301237865195,7.102636887830106,5.411038145767428,6.617985969512851,18.468510220824648,158499.30834935937,0,15.489829948365688,1
3.4424088638591983,3.1470574907089386,10.517527984407371,2.6828206172433555,5.36161711877798,4.090996598312819,4.161335602277452,10.870983703528399,119919.7277913302,0,25.792581403236447,1
4.240345061051237,1.1641480154355668,10.197186694518034,5.325004135896019,3.62490366580654,9.802140656474464,5.32571014094692,19.808169257708407,13473.782772814364,0,12.222679397635245,0
2.2282399733200586,4.648783447730996,6.785207014974942,4.0237582735847655,1.530671894194025,4.758226256574452,5.405765114733063,2.1686226179400663,81480.54915847849,0,4.2168520812786605,0
4.966158879327198,4.309058841775285,7.908784600970656,3.470514236834019,1.4299270078240567,5.70199918353945,1.7586878957813359,10.527658172948009,26330.513376275798,0,27.48487869057712,0
3.672419812866422,2.4724729471637015,6.406843535335495,1.2181276649843782,3.0340602559955427,6.1079378513638805,3.7548291562085723,4.6597957833843795,57563.79468531133,0,26.771877855009286,0
1.766046090707247,0.9706141868862438,8.402292496406668,6.0912285671808135,0.48546699593967046,5.6752430610077225,4.12140991025861,15.09957467895196,9052.298523804751,0,5.620250028523268,0
2.5806347299908468,1.6667383336712325,9.172476343645236,5.124316073081002,2.049708511700417,4.946637732323174,5.451743365913253,8.923599234469435,38669.53924170488,0,35.7852341982738,0
1.8946469672779904,1.3539731702903812,6.519297803469593,7.614418626742932,5.473086432062778,3.018850023583585,3.660015094308273,13.876871982184017,6769.015014921774,0,19.020190093551932,1
4.155398954279267,3.93239784217615,9.078704162687048,4.885807224219448,0.23369216945839014,4.776381435328453,5.930073962736233,3.019577559593948,38411.55309185617,1,5.391646913212387,0
3.736665773648109,2.601014419905871,9.458688645217741,2.87299660246825,0.7773891216825851,1.2682285040428347,2.2832338199164854,10.068972249261012,13958.847591208456,1,21.113305775555602,1
3.157432682241396,4.49376511086293,9.4802179843281,2.010739793679236,6.485238579194998,5.975116010330729,7.732508808095729,10.749170289538606,30116.584224564856,0,5.321269646451446,1
0.8399329541065491,0.7481741644834426,9.181753858128442,4.409386834791947,3.9813792843166573,10.0,5.088995197227756,7.253348303778697,55126.40233875708,0,6.164035486666471,0
1.704002605691204,4.0791519525272495,6.657263985428639,4.902368935610114,4.27630666014508,5.353381068460353,6.10321325504607,8.15878674619479,104808.87312408087,0,37.67871977957125,1
1.477675605532415,3.0733510152467396,8.317788972174933,0.7054477024516128,3.7999564547462965,5.679016026974016,1.22426868729749,13.713393883090273,9033.486276052938,0,53.040459821257286,0
0.39946971742571047,3.947673712026059,9.02852816547108,2.9564733894052164,0.9361586290902123,1.8961851237351293,5.047392023916018,19.969241987957275,111872.23550262763,0,5.9380263440517815,0
1.0329415178606531,1.5120844219028378,10.691538433508647,0.6936786326512634,3.343765160174093,3.368080476426282,7.320428686871907,19.40417695231588,24717.902081649965,1,52.63596519446516,0
1.0515294927659564,2.510662961669584,8.50369874423128,3.02068428966197,1.1743532552066351,6.7896733762891355,2.456903898069875,18.686975093998694,92829.80369328683,1,5.457152563878299,0
2.278664790943892,2.1498906239845654,9.138311941413672,5.213100734436971,3.8528027588368046,2.105441253603557,4.816302271264989,3.3715082895536646,35928.164378285444,1,2.494658329259202,1
4.03684537195859,4.648024619149102,7.101959779532198,4.795803449088246,1.5364893067586052,3.5440376831081086,3.998780608250346,14.787997868253912,99100.7063356411,0,1.1997539029602287,1
1.8541250912330294,0.7971572994900749,6.767658945751192,0.3912938685284331,6.1072227043180485,6.135740724675082,3.6386909201611073,15.528434177167696,54357.52150083949,0,5.544425974769974,0
2.3563203212078125,1.085876979811247,6.575392015404418,3.7445337294669043,0.5207240765691608,6.618228665910119,3.914768603956257,5.202896986744929,35536.6596610369,0,9.730679413982449,0
2.356871952026764,1.1974062491566158,7.869597588833717,1.1101714485974459,0.750062538799501,4.781871608324166,1.4947900435401253,11.476542305477306,18737.48222376729,0,52.49672503451286,0
2.5568945004102837,1.0952186295257085,11.59307672951029,1.5179769353516672,3.80437332278066,5.245396137489716,5.069680201705729,1.8075408734838916,173541.98544425928,0,5.54560715901891,0
2.7731658935159587,1.201867153746156,7.896885610840225,4.017817745087545,2.053589621222545,5.240739532553637,2.3328821484545785,24.250211042253362,80696.81516862694,0,9.097267508650084,0
4.929038584246122,2.48889344974213,9.046939530913075,2.7288452683855984,3.276768485471284,2.5332610365797468,5.429776816848051,9.401717832107702,23997.62256692081,1,26.496902744787224,1
2.2461636012846697,3.286648212639008,9.335646937856493,1.3123559265256701,3.6008288583677004,4.8533319955552,6.065324660901066,13.679498939474758,9119.493539907917,1,7.192846502032243,0
4.978941595164927,0.9219996496200467,6.862706336445761,3.3578913881421624,3.0745762377078982,5.483787589276815,2.9800766214400722,11.972411294578345,75600.91127691984,0,23.06357563078099,1
2.708167713466874,2.4199911537895673,7.847339724081792,3.5393622015867665,1.1996532287097827,4.823189851523693,5.001075977108748,10.370416731141939,229980.72144596,1,11.31541750732642,1
2.447966527292512,3.0310426110928272,9.436622708398787,1.1740640837686824,1.503016898415632,1.1488759644595943,8.338168625180277,7.049189931044929,16354.070207431623,0,4.374191734080633,1
7.069398340941842,4.030058374834903,9.142491121254135,3.562711515872203,0.8630000873803744,8.071292070041743,4.395869705865817,11.51670802731536,123765.48580227264,0,26.489608538699354,1
4.405181037535751,0.5060047096710167,5.509008059981138,3.5041999900913776,3.959308118490783,2.8132546273057817,3.6447556198341924,2.9019205007237954,6697.757296216158,0,0.5482221708998825,0
0.4283204593560013,3.4489318592874953,9.391615530935878,5.018875276554555,4.403765354408745,5.144256516951562,2.799512522298186,10.313627754178906,152043.0245067149,0,6.9156842783713115,0
3.382887652701045,3.0354741287583447,7.673514413734323,5.807557643569655,0.5443710743282442,5.643581444873349,4.218967851229877,13.862287868565204,68391.08431113196,0,8.806769714714347,0
1.093125928188253,2.3886620033675663,7.712774205560702,2.973804225935007,2.394201485697372,4.090356898893647,1.4203031051272235,29.519843232306705,21278.00044427717,0,12.257840862413826,0
2.790779756873904,1.7093896791706076,9.107298539445415,4.347669150629027,5.950708203973226,5.489017578110319,4.483767216141551,5.777399205911098,18165.6910797349,1,22.780514331770032,0
1.2319567633573483,1.080732345725088,10.784403886725691,2.8326372361637246,2.493545107154667,3.449461076049274,3.6438928186166235,9.608551477618407,51561.98600967846,0,12.301697668208513,0
3.1085490028701983,0.7212621128164152,8.199348059958458,2.9024206986271386,4.015940889235222,9.29419694108611,2.2436289411371795,19.735887979447302,45009.4457680298,1,18.0440148864022,0
5.807638662086987,3.8813670972220216,10.268575323308898,4.95577850204265,1.4701655529295674,4.478984493436721,1.6045444888324911,9.350789010805578,125626.24832260249,0,18.11587429763254,1
3.520188680892029,0.8731142074935945,6.33861584817723,5.1489437611340705,3.6634144123825365,6.798019212935827,2.55740443603935,7.899747538175844,72673.68694388511,0,9.34484171306515,0
2.116244883009573,1.1697491644079363,8.696115018868197,3.6677803687312744,3.059135728993778,2.8147430111439835,1.8429634328522124,12.65346432267743,38866.11527486122,0,54.353305286950516,0
1.9060156650468274,3.2245316912666326,7.68841689110788,5.399421088775189,6.1816644577293385,6.442555823748784,5.485648331180358,5.033291117961303,131253.86465286123,0,62.404982505304325,1
5.287406174504465,0.26861395076378186,8.923010480134092,3.256534845692433,0.5374523651425969,3.565587272397084,0.8182478428048491,20.538079745636896,44914.02364912898,0,17.438343469132963,0
3.441654266410305,2.6887149138736226,8.055538895822346,1.494344122138226,7.268478046986616,2.213707831906446,1.2041588452033112,23.170551420735634,94751.05467523886,0,1.4878099706508903,0
5.09483025220101,1.9523149568767242,6.488407871554293,3.13263317302391,4.540639943028348,2.869833234700124,6.2013093309015455,19.05468614158881,91924.52315804861,1,13.511158224801951,1
3.888300984943921,3.0456243134300216,7.168885955798286,2.7631893038514055,2.4923273806686033,3.304179374582218,2.4917198417085196,7.890063395817608,125785.73443085075,0,4.077098739501345,0
2.4862235523960226,1.4970705612865685,6.035198380215121,3.998138613307148,4.236377098843131,5.222906394430544,6.162880650372317,14.675653134267517,3499.7775185963123,0,13.20254853015636,0
3.2585022418213927,2.279300372501689,6.5396481565769236,2.2954535838697856,2.1369236800748648,10.0,1.347271888129535,8.035170248614621,43831.83110690942,0,4.177002675383657,0
6.161490898475421,3.284554701342941,9.220486562312571,3.8045940902977367,4.340388225458016,10.0,6.98058071659135,11.541289687193535,31592.500769556074,1,24.33813818453443,1
2.637367830498125,5.1440520313313245,8.123444305214166,3.048895995116603,1.0054951395338687,4.356295724178599,4.106197842194667,9.702512294141258,33720.430808375524,0,1.676963052166919,0
1.8218694455348772,1.8120706127316275,8.84629661519213,4.31242539435868,3.1609639213042957,6.918839173466052,5.145107944534124,5.000272395102292,30801.030213701986,0,61.28196814218283,0
1.7189297051292398,1.7272747725048363,11.223366222392608,2.9857660011394263,2.823659312241791,2.4924458556369142,3.22418338261412,5.866267749611537,90843.61550246697,0,4.347601080221178,0
3.9670589681207997,1.0919795876437814,8.056042310181608,0.18192664323596608,5.021980980776793,0.7918753247790375,1.8647969439460925,5.183167087318196,19168.028481073172,0,21.614838542808986,0
2.024517443898647,2.311963786845543,9.451425899773357,2.847171862804299,1.5425025411229918,5.061170592405502,3.5945543818725496,6.585133208529533,31064.68783662102,1,49.76922336729375,0
2.2863765281597823,4.311116916368805,8.542203268301883,2.3499259660835943,0.8388087962267134,6.0925794338179635,5.67907505054576,5.804010352017802,11199.854705229856,0,5.697355764917775,0
4.634907045628148,3.6320975358823997,12.644026799097254,7.672437598320265,5.277405421294868,6.566512368090816,2.367541129578516,22.017527980117045,14498.675851988519,1,54.45218311558748,1
1.0118673151915425,3.4378688503993633,3.973529660878919,5.588600901522059,3.399049489420323,7.159396366953113,0.9103431365147869,10.899712774378454,54002.298226326326,0,9.842519988474045,0
2.799184058289093,4.087224436012568,7.4235065860418175,2.7912172256218697,2.207771173807474,4.339109070800542,3.571650272771951,5.779102546611854,6217.876544865428,0,64.64470190373112,0
4.914679824608622,1.790883654704973,9.48103596134722,4.172439998102701,2.2060643189307285,5.14408287197226,2.423276892180814,14.402407277714671,10401.775915353246,1,71.06171314730238,0
3.1599410767455667,0.1802217303548483,7.37064190685809,1.6060207834742977,5.002368803241396,6.642477539360776,5.056387968643802,3.0084994730094383,37542.47577540026,0,4.167066978405172,0
2.8171942212286076,1.6446720091967335,9.349107335964971,2.355288080458412,1.5126867878960915,7.386936857094416,4.805013259250307,6.669885296405108,2237.9987830652467,1,35.5674696842711,0
3.774191190742991,3.903189145471523,8.409881210654966,3.0376778098940354,2.761962218123802,3.185732700475289,1.6303400060770887,19.117245924474265,6786.805313620957,0,4.299068960048037,0
3.231700330669986,1.3043653099606285,9.797423257017456,7.368534943639786,1.962240633257738,5.42135482158426,5.987812333172733,8.804605490111852,99517.6937048464,0,5.135056888111537,1
2.453787438648542,4.073982795830809,6.801815754358511,1.301749863101474,2.8378753850851397,6.299105778900564,5.165834791861422,9.382764228577587,93587.80778140294,0,1.7575405734878844,0
0.5079942872190077,2.5065058284390855,8.759263465924532,4.860664553434751,3.2840022247312706,5.29510517181487,5.500438715587351,6.444067050848137,21368.36894177958,1,3.4047835875181587,1
3.893073782684028,2.8792559516060963,9.199027345020076,4.33971452798764,6.488745238455678,3.7559130511158925,5.152675730172017,16.429730704879304,21384.86985346625,1,20.005350806398283,1
0.9094489894008022,4.016163933859231,8.697683737317005,1.8494879694113648,4.299750093208021,5.00618540335037,5.15931686898864,11.477976795636398,137847.9349090381,0,11.929585005659707,0
4.066073344417187,2.0147342162670485,8.724118727381333,5.928183548193303,1.2257700719371483,6.0594598080472535,6.5961889366247926,17.536818728939,1309.0443535226032,0,31.303085095991637,0
0.4913317291823275,5.7111536547378,10.30364635866934,4.399744330603833,1.2192922777044688,3.4786963419673222,7.2821319453945454,21.036471213596837,43410.220896658415,0,8.069246744664794,0
1.3406080555620095,2.5267675954181916,5.980141380242657,4.450462202805717,0.7255381811594043,2.6055223214007373,4.61761787883816,2.7295459380003435,45489.41828769863,0,69.2346018084795,0
3.113574232014944,5.58844381422837,8.687450786187528,3.9401869998515924,3.7700211400068886,9.11908564373189,4.986042547305179,4.843275402261172,77531.82220860782,0,1.023182716573189,0
2.3475450753864355,2.9622089423626075,6.686277800681081,4.302820272166962,3.2032167828290588,5.375059520605861,3.339489234010227,12.737579582787578,151568.50709390684,0,1.3000729464251264,0
2.0655144744303597,1.7375533918871546,9.636416405389465,2.0731949899838136,1.921924863765643,6.876700626048663,1.5217342309821433,3.27560863248115,21989.443336326654,1,24.17132669020779,0
6.816552682617121,3.7401806296362206,7.243099626445426,4.680259691672664,5.016884042161477,5.41899249545656,5.107629221860765,12.56348288280033,28797.858120162222,1,43.702955225791705,1
4.125868136483029,3.0236733395400655,4.791331512858478,5.415112110372636,4.850944767094246,7.100634812073961,4.905284582218266,13.12064271706104,55630.25878138603,1,31.7437648117205,1
0.5312104295972002,0.9475942530772673,9.672201121371176,2.2030010250719965,0.1823158189302248,5.1583569259499455,4.531927104207945,4.470823814463146,170975.63795972758,1,13.459719326448052,0
4.906190425090824,4.956365040135205,8.097443059061547,4.691908317292674,1.1727313858408057,6.174226897311283,6.571816625453327,11.825012289687503,110725.20986982736,0,6.284391591951288,1
4.547962996448925,3.4285434964467325,9.034944424152403,2.4104187350556443,2.623261272762784,2.7809392858881634,0.992415605539405,16.410870050932033,54988.598532476615,1,0.2708564144431793,1
3.6081494259459337,5.254171748804622,10.640513354048593,3.34397301807913,2.2673624774994776,1.4697578295615394,5.75179074920235,7.482940844836713,97148.97247254627,0,14.244620644671349,1
1.8806662822322227,2.9643331451476884,9.057101628898353,1.8358966953195255,1.2983492537151773,4.047044317691889,1.7375248299650168,7.357208422876949,4452.733020412264,1,12.911391112355826,0
3.9614813207849595,1.5049657669911554,8.754142125863423,1.8481406817949093,2.617870700165657,2.148412258506168,5.177403481091758,0.8067799546233523,23670.627077678448,0,8.439388141281364,0
2.8417616259247467,3.050993507735498,8.429094431155853,2.613150791367644,4.1680153956819925,0.7660364783033824,0.9291541594611118,13.523157851974188,658.9478960339914,0,17.258449263404184,0
4.365609916533659,3.034175371012581,6.779040274376483,3.259117912056726,4.947529828718159,5.6034953634831,4.8726962396607645,2.157743353135183,9768.652201900053,1,26.099058365363778,1
1.4190926688076597,1.7667660620005357,8.177128212856912,1.6862589885041623,1.7998590929319702,1.4612771973267131,8.792279616793696,16.393218014965626,49779.22168978591,1,24.13875967110887,0
1.7512991611967794,1.957719969363305,11.460847867663874,3.9505024767967796,3.536206350729312,6.898991310561467,3.0459607101109727,6.113945340689853,108385.9399707987,1,6.110210291221403,0
1.0939522362794183,2.4238820297591843,7.937171154799153,1.532979692940772,2.392577889411343,7.882371133611841,3.3359210638987262,14.382721005246573,50089.74998233552,1,17.60417612854335,0
1.5094659543979538,5.242593831582257,8.265979510865117,3.634487874087862,1.3795347380207632,2.1140205424750875,5.662399710681298,10.288674555065025,54552.761813982266,0,3.221563559553821,0
1.9977115884535763,0.5100566077914025,10.385627338158018,4.297159208495667,2.9454862070652696,5.57733123309192,4.852704848131307,11.97603691089764,5480.789227433743,1,2.5931061474675148,0
3.2373719499724904,2.1626978693301844,6.188067008647063,2.434662263250224,0.653544245533419,8.715868290722886,2.319568960450116,5.862027749662523,54660.41944057751,1,30.822116568566678,0
1.5229284112134702,5.259764006103477,9.430186076435405,5.443153771897823,3.9948759130107856,4.056041124405255,4.3875563822860855,7.611300653933518,30288.575922019234,1,23.666802726003763,1
2.7150653100697673,0.935055489057235,6.1166801202924255,3.2096791245846035,4.603357771432048,6.221692911751658,4.001426788823234,3.7755521810678108,52697.278078451905,0,29.214229829425065,0
4.850993016333454,7.948058166470458,9.098783075322189,3.2482740515641115,1.2207051546234617,9.785807016128736,5.5039586080446075,1.4760009547487236,19739.102006182853,0,3.308398530099024,1
3.5969416552293865,4.016553329429375,8.466385827402698,4.6110441192780804,3.071595811422082,1.6457022450011305,6.202576866706759,10.080331379386536,43552.239870705635,0,49.21253752018459,1
1.9668016242726185,1.2138555264611712,9.418600241197021,4.072972222098169,3.7769857226920225,2.9614317699802606,5.353639588664692,14.83315166108926,27588.396626097932,0,2.8569009092507742,0
0.15531497830961472,2.98310633967815,6.981288444768413,3.4122152507281522,4.671257820744855,6.128182198762802,6.037036000529091,9.989418162031644,40894.38692341975,1,40.81010479438688,0
2.7998015932124036,1.6495307853042322,7.697450372962645,0.9952308613287733,4.346703375888318,9.344877243117656,3.1123078852443853,11.62936471718986,7955.034114229348,0,8.689001601789055,0
1.8606212320601692,1.529382085576855,9.496079429958375,3.7721471354175917,5.757784010821695,3.5775663331040626,7.46317245141395,11.012105608886852,25194.557281391604,0,2.22833397034955,0
1.1690970530073954,3.111916175626455,7.735251225247299,0.6743651493532636,1.8530912818450807,9.871463718883778,4.132016675136693,4.056488238924637,23442.50731869664,1,6.758997451588932,0
2.8672806899006136,0.39912408771869073,9.633272890792755,1.8230779508224237,1.965699332872387,5.263912294792492,4.983520722537123,14.008297893955806,66665.08449859895,0,4.004367414089989,0
4.524646695830735,0.536592078645304,8.813754716033127,1.2980298535800303,0.7084096513023479,1.0654886723983799,6.432837025137418,20.93340352510736,61278.46936450991,0,13.493171802750162,0
1.7178147128900663,3.1821426809792905,7.831372363104759,4.004707159261798,1.3557063033642056,8.180963252145716,3.381336696683234,5.766319191526021,119767.20309753477,0,59.813043200097255,0
4.198229253993504,1.8075797370012863,8.026968732953987,2.4357831045670526,4.921255319029793,4.072752290780002,4.685330868313216,5.0622013346304575,49991.170910588575,0,7.946104660002307,1
2.33465421092324,3.640557086995937,8.505257247502929,3.73596966127407,2.145710942246962,5.897050557184079,5.104513552633529,16.727127279227737,18883.776738863788,0,18.94010179288672,0
3.430824449809528,2.608799119347449,8.169726828937897,1.4537660249050923,4.585066931457153,1.6816606249334578,7.679994389147233,2.6983578158828,76444.6888099205,1,44.46085804007814,1
4.799059691988199,1.5596353991453946,9.595374630599425,2.1513136814335807,4.11385713860486,3.493496830681917,2.3484125894001213,17.59003891869747,34358.02120347836,0,19.889042065967175,0
0.15933791449791293,3.785193435272143,7.943081005713874,1.5119831195117859,8.296600687140748,2.0062561535186436,1.237679837119815,5.8267949667635985,10752.14815687318,0,8.994583547714157,0
3.5244812387156554,3.0233774637127904,7.640453610681668,6.298350351916766,1.393113856303731,1.7940128745785806,4.13425727572429,10.389886058209019,68799.67356165468,0,93.8562763671899,1
6.577252418827442,7.672429890629722,9.86537752229929,1.828210870546354,3.826017739751972,5.196079195906835,4.433290198255432,6.821541701973734,7108.797942342274,0,4.150660674860308,1
5.379363637806488,1.855467360743156,7.866806253890814,1.9776913459706955,3.7747564248355134,6.1335549376310885,0.522013591928719,17.984379269925853,9810.071784417138,0,14.81551302074855,0
1.2275555219550163,0.9630752226362548,7.689442569602487,5.504645791945817,2.7345989857454893,3.9064837039758924,5.244159617569286,10.247499772741541,71097.30564447139,0,31.861992122309594,0
3.162967511292953,4.7600430235916775,4.771504297643395,3.7204758937352365,1.5272146776644224,2.12569242037758,0.5705465640329677,10.107211326752472,73515.26363430421,1,0.1,1
7.182985797189215,2.2894135696305833,6.940744947094106,3.8611534355485047,2.4886821193856847,2.447788652587542,3.725871673062297,23.45172777012752,78218.75067674227,0,24.216138888566828,1
2.096374939492888,1.1151994216391814,7.242058782005183,2.0516634118198414,0.6538144136205719,5.743259276066081,5.461230088914855,13.969084128529879,17359.229183039217,0,6.1985235450036456,0
4.798413981078802,3.119859888731634,7.689804111238038,3.978340956227457,3.538621880032321,5.221381141093771,2.0002938717980596,7.84961904892112,100715.45636091068,0,3.7200076522696266,1
3.009635475833737,2.9160903816210744,7.416791175056705,2.383550052846913,2.123720471511141,5.776149346572769,5.228796268929182,9.077378888250148,64127.02123916193,0,6.409463118326471,0
2.1998463055148423,2.536866590296014,9.974575223018427,3.882422681034793,2.90354140760307,8.116810445212337,3.833154416051195,15.12392178151017,89778.55909457208,0,68.11400559402615,0
4.777410693154099,3.623798560294576,7.337278533323376,4.720837136958719,2.0012281708634405,6.1506990943624125,4.1891207918916935,5.453895289294418,61653.8603726693,0,44.500495599455896,1
4.771332841901341,1.8466532912825497,7.449060444642136,3.0369123285915087,1.9410697299029176,5.8180587960249905,5.034084056481078,6.194322415668271,43327.010824045006,1,4.809722779637994,1
1.3018424985566324,4.644432059742379,8.733481295649598,6.183453231306441,1.8349127642590848,9.7374329303895,4.201043616864579,6.474185992358303,5792.7007716797325,0,2.489207989405935,0
5.303993887030928,3.3561626483695264,6.847477180106979,4.32049176410981,0.6935768251953616,4.450431128399865,6.0388861407926475,10.239459956002912,62055.39476676535,0,9.055933772767382,1
0.05368084450143831,1.0443655618211216,10.845988232270164,2.9834133650427237,4.08446414601513,9.767350761476404,4.972751772213876,7.16710401008264,58633.522984803065,1,17.946263019255852,0
2.142283776069361,3.7069153050063335,9.703235186744218,7.247201558598758,2.331138275176689,7.847767380312135,5.678378495678106,4.002138645542478,18734.027624364142,0,40.369883507706476,0
2.9078800334020394,2.059251327866079,6.747869571838228,0.8707265044176673,3.902046599695677,4.404149182086012,0.7520006898208721,2.977744957580002,66556.18578793613,0,67.6809802052305,0
2.1064687555536694,7.739604557651556,10.020500628800256,2.071404153758145,1.492740833497781,6.6096776823429675,6.377299150099233,21.45870384341809,39975.91627339005,0,27.818370174447033,0
2.7983118949271764,1.76459068556819,10.332562209279931,4.076305519787776,3.1782532135362276,4.569598278363302,3.588918428994371,11.817357628431251,40981.60019569492,1,18.276236772490073,0
1.8351478160566113,1.086120056800174,6.78682789462208,3.714269299905161,1.1703869237532407,2.12720918170972,2.4573162143526015,21.44136846763283,22912.028606678494,1,3.0707646246342515,0
2.6322314115715506,1.6134039078289277,6.752250076361763,0.30804451275111644,6.558564862300898,4.983921489756777,1.764651063740046,14.657704219491599,6209.333335715067,0,1.5382337767429801,0
4.200664284346136,2.2389435589428226,7.584380281152799,2.780953582566867,5.70539728675962,2.065747340682977,2.616681713075171,3.376282002625372,12226.560895043454,0,18.12813868494294,1
2.7754244114871156,2.274442729895193,6.377192320382638,4.306704275059986,3.1942989796415207,5.465929503489841,4.194430899098821,8.557475425351953,73230.4530224889,0,15.48992607435412,1
6.236265478175447,3.604458420110737,7.329567198365841,3.3081440005947513,5.412662013646653,6.600959678384103,2.6518817084714863,14.263650001427983,15834.371194560654,0,37.42749936879573,1
2.746747326009883,0.6801129144977802,7.899813122921885,5.604656940118065,5.008499882185879,4.566187010411077,6.011760542583312,11.970130912446379,112.77981406717097,0,7.790039517182529,0
2.3117562051690403,1.308637344236113,9.256228542064722,2.2781440548852823,3.319718616295732,5.461914902110896,2.435225497941649,11.33422289144118,290748.3480301699,0,0.8100004552955278,0
7.501009462025125,2.691672838567061,8.621838254725375,6.251078407570848,1.304377220205538,5.42878329657377,4.6439564359839505,20.99154135204181,11829.314688982246,1,11.022825384601145,1
4.877031402753353,0.9062321295448135,8.277967740197958,2.6544388951039606,6.40899059098042,6.688699174583201,5.130013171410383,19.693071038513537,53266.10277668399,0,69.59332413031639,1
3.8579893959303426,3.8581110782029926,7.775240057612631,4.756790070392702,0.4049803148817195,5.178951043728384,4.705149965870951,8.29884223708207,130811.39888599125,0,31.75107307811156,1
0.6754745429414084,1.3462023686311153,6.538066375054934,2.1320363337474726,1.8043554664108323,4.370547384922959,3.615400607135089,6.163419972361844,45778.64131074716,1,0.6871125497177182,0
5.795435339820293,1.8176079944126686,9.38757659017298,7.5270849594449025,2.767481645774021,6.5978807907967765,2.989750913106444,13.685665448167075,80230.13481885081,1,41.53752133025287,1
4.220781732681007,0.8671500456148368,9.354061235235568,2.430421450515383,4.605177377355333,5.317116371458671,4.988517127856202,10.151635562973611,187265.5323490605,0,12.761421605866962,1
1.076063974617847,0.797779791639122,7.574727113512427,5.569232783340623,2.6873625740816554,0.7288863429353416,2.9774242714739563,2.5789547950580287,98435.60655303864,1,9.07530085146193,0
3.737010222714219,4.667113550674009,6.848267288313365,3.177419605136734,1.7360142619776133,4.2994269212119605,2.867683109708266,13.952585275754004,40811.421325193034,0,8.515587273840989,0
1.3742430887514978,2.3462617796568246,10.834156656290626,7.0425687259018455,0.4078624662895117,3.9656574460877336,3.030792719097316,9.87752994158859,22604.486712890444,0,18.08448911331515,0
5.327875402080798,1.509094262690012,8.870095676630397,1.6989375023399367,3.1609881302069605,5.2949184807950935,6.13387570408975,7.093902440829092,32933.85294672256,0,15.125975132485479,0
5.502437465751491,4.0118500641909165,9.095452436987564,4.5264681946505245,1.2096241714787466,5.079981294928214,5.140645733222097,26.669586769885257,92203.03247037178,0,21.3787734041463,1
4.527973205672552,7.362058914355981,9.160221791049638,7.048311112119409,5.935818697086055,1.0992820142127466,1.0033801265015887,20.04479250969692,95986.89602352031,0,17.04949310648904,1
1.8582648585372021,2.184471772023477,6.69627445212806,3.4172835252007423,1.7103697095194137,2.016556623092739,4.985350903757777,18.63043015862403,93493.05287114838,0,3.1084031183967613,0
4.3911412045465,4.699267489150663,10.7489148760253,3.7303763590959793,0.2731728995526891,3.0942790063882937,1.2300342036254173,13.84378686297703,45468.78513842004,0,5.9475385547229305,0
0.8755286918647076,4.349155078641356,7.894753100583654,2.7531092838045366,1.4033866972883802,5.128910166455989,3.775319726264272,7.636180475393489,32404.476559942395,0,36.7807416424336,0
3.0255530983062435,2.9946390799709635,9.733063005893413,0.47008294665925654,0.946739279940999,7.1476836559032035,5.918526962886758,7.782089841852994,18650.238791455882,0,21.768794978556564,0
2.2692574261383394,2.397061180698788,10.687649055140167,0.9558686171227626,1.7867136971727247,1.7927125382548095,3.5913226454257257,6.069679463428815,168.3257770848795,0,11.898665337659216,0
2.207946848752721,6.64582651962105,8.6220640480273,4.989571649692126,1.3996044580391853,3.6557700975249174,0.559833641010722,4.2383548786994725,72299.09116833145,0,4.032569190930062,0
0.932182061227306,1.0000139427788506,6.727782386897325,2.590909548620633,2.349629921255167,4.903051644579054,6.391421722456196,24.641695566323264,16217.183893457732,0,0.15441529042959914,0
2.9187932762260265,5.260871285486125,4.759794229771396,1.876305485294742,1.0507903847848974,3.1372020019880957,6.274550436085299,24.396112543925028,19999.846448284334,0,7.476055925665001,1
1.2935005514766453,2.164697202550649,8.442376286047093,8.942597946549732,1.4029018615972046,5.1747606251059235,3.921118716409297,9.957034002778947,92728.9653584582,1,1.1281682851757155,1
1.9306595004172766,1.839093098655595,8.875216671598832,1.2172422454097025,4.9617197702998865,6.280549897026804,3.911843344869896,20.912584042835075,2683.2872750945603,1,13.166574133766929,0
3.841686148129106,0.835751494984771,7.628837299471572,2.422337769177623,4.408903951351752,3.4863777486348053,5.7848808335456585,7.586453274285833,131291.49201317364,0,34.4971383276325,1
2.900182703688738,2.1276519403647534,8.703528180185376,0.2732777179015905,3.5650992616936854,5.655166944354993,1.5504018290696449,2.219114642981538,68.14253488889052,0,6.7206092030804845,0
1.9685360478657663,0.917366575984314,9.145517257256586,1.2698118671287149,1.8253741671760737,4.770961593416887,2.4217140219166406,21.14846651131023,139982.88195714031,0,37.645174129212194,0
1.316670998839262,4.69934473588362,9.990891686191953,5.171304226305677,2.7430936579838123,2.701796094806396,2.835882321420053,9.809154321388117,30326.322342386477,0,24.386087766867615,0
3.4576405728229136,2.593427798090144,8.157151913310686,2.878935249542149,0.8767800603302399,4.7182367549866076,9.056069956950196,9.52172174814376,5386.0886812705985,0,2.676624851040164,1
3.598740706896604,3.792374326992001,8.431987489809906,4.583420182535597,1.053235642547368,5.9133319453799125,4.38706981841646,6.400706961641514,56067.65058507836,0,20.688082825872876,0
1.6974687545557585,2.1929833016933347,8.23209950584967,5.7428281727796895,1.4643040014256212,7.827486009525687,6.544613812642711,16.484402314463004,113099.24049868491,0,3.2899425746637845,0
2.0723311870103758,3.586589879571438,8.550391949990274,2.313478895494293,5.6911397321934505,8.288487485795171,5.63653772131593,20.484128324536016,28819.150241376952,0,21.272100346461205,0
2.9790504425066526,1.4634003085063454,7.730223428614204,1.122733538615131,0.8527689872863966,3.864630543848687,4.514483762916081,13.422563234464384,58778.64694318367,0,3.079685183841285,0
1.2899233875418872,1.871429434457787,7.723051923258273,3.1656191273750145,3.063927832908096,3.744107837112009,1.056713537218085,8.728975168075078,194032.80695855367,0,9.968436268662037,0
3.257121702747576,1.272435122741387,7.817465741091548,3.9174669737686547,4.397849898588185,5.080780253557089,1.2831502682878781,9.840492578903085,13767.970379781313,1,16.7216193894789,0
1.1183973069886615,3.87302669046323,8.734399362429246,4.0375353228665105,6.816924354312553,3.9146060251912496,5.543385935481172,8.72767414364281,85864.9266828399,0,1.0337447325877582,0
1.4440003664758458,1.6820390373403706,7.229028958223295,7.808450889650917,6.241096702793164,7.4260650044340135,5.4063046956627625,21.095798258537748,17494.69290275278,0,3.328373882436939,1
0.07274704741306602,3.822011844735794,7.823509100310385,7.579425702049117,4.350465038243901,5.201381477719815,3.8157163750902567,15.037625259563143,27785.710449276452,0,7.7252774985061095,0
1.3863910240454764,0.20898411833256236,11.212884950682113,3.6204518878307934,2.1871105665491,5.110487021151818,3.8033931290280005,7.8173928673785875,16547.98373226339,0,12.40983701685148,0
0.468492653975621,5.557597705778299,9.844599010756575,2.507883820404859,2.3188899214241667,6.286615561007129,0.9425317083908723,5.226168368488712,29530.58995097516,0,39.10731540643984,0
2.0079260746707877,2.2394140970592282,7.064378384100075,1.7902057481595217,0.6401605842107445,5.319672352346422,1.8572842420257485,3.945792274836309,255.1012827261239,0,4.147202557929394,0
1.7154965153338302,3.7254415581886127,9.797009395890353,5.789548311568968,2.785662608542208,5.610489296108267,5.109618097440692,3.644853359031854,18079.98448299648,0,8.537992409472903,0
0.5177184339479075,0.2098405465462142,9.441088111125527,1.9367285655712574,2.2954588796165227,5.526381949139492,3.2191638543302314,2.5301120012845613,29465.857529295798,1,12.916733116256026,0
2.7036668637481136,0.5059258945790459,8.344120732781741,4.753636138544683,1.4835560500527245,4.710724010424869,5.396888293790356,8.613127208582505,50016.26135057079,0,7.013248422669431,0
5.279243840181365,7.9453637088144715,7.438040579490396,4.221593640450925,2.0527319551914145,3.1951232776769887,4.400687531485792,13.13631632148281,50717.42543009812,0,19.656506408368774,1
6.678969467219104,1.7817251441658049,7.2677288312721435,2.1509336060288233,1.0596360042651591,8.518044030407442,3.813654455384591,16.79197048889622,43827.740562393905,1,5.930485926279553,1
0.6144969359913295,5.310129530485904,8.835760259174855,3.670061771262291,0.40262896717539776,3.1885325777653977,1.6537194441361267,22.85147791620293,17338.481736938236,0,29.59895534061228,0
3.090567782564249,1.3730371527256038,7.230649506705239,2.8635863013436955,3.997057667767078,8.308461036559905,3.242984191501019,4.512575032392279,147256.06073076467,0,14.070177352157264,0
3.527065663574891,2.753409346090931,10.145831994507738,2.206906097936282,1.9229911678878722,5.682885245528806,3.526056710366008,16.85024928517472,24876.53831214132,0,1.8051666740277803,0
4.035932605761921,2.5466498110495865,10.571209882682513,1.8461612581551832,5.695489303732798,3.7968320409025766,4.345398447666656,9.177931983922905,12224.357018106568,0,19.723477949961804,0
2.144326153952466,1.4270700421211402,8.435793253647862,4.2774664304355206,2.984868491442665,6.109715187126021,2.7023008525640457,11.607370242211887,40429.35388817746,0,16.844246450947633,0
3.4084369794317704,2.393693720523304,10.208171217883194,2.2992919534072422,0.9524557466903271,6.571832173807528,5.39776510412816,6.782205318724824,69100.90982407618,0,8.267849563002914,0
4.123610876195106,0.9904749567239608,7.882676577545878,2.2269927689347564,3.775386557945742,8.436403262837352,7.344323708116206,15.237096753968647,615.4509461296266,0,0.22439570885415552,0
5.7243595434330405,5.961039827723912,7.4284723250738205,2.2721719124726496,5.2028430662892635,2.368710464359034,2.426169469900203,4.291591908834867,16171.957392577657,0,4.480417275164422,1
2.929788735913856,2.7384519417917335,10.150412770217859,3.204024263923083,6.250454278436138,4.719993802537056,7.965095465627135,16.138750073420027,87142.13782474863,0,10.407741410593452,1
0.3928016313148428,2.394384307979541,10.869800433408262,5.863879516228939,2.5233920309149633,7.754419614297744,5.196747237526422,5.735787994667406,35364.444581339434,1,4.460721986580057,0
2.2325775316575855,0.9592199406868975,11.444736980488324,2.1881049457958985,4.065040799156698,6.493105703307158,2.485890354874684,7.799942601380307,26253.69116411345,1,17.230896337566836,0
3.3990683593577007,3.1208395624414016,8.998982607215662,3.1422401177148327,2.199443731056184,5.9720350143316505,1.9402105184030431,4.381725032217018,133610.95331068579,0,24.918470790899505,0
1.836811871877602,0.9131534061322015,9.793165592784437,5.919494690970612,1.009951661129397,7.956975302297267,6.913443149669832,5.9248993771809255,4689.996382228498,1,38.7612920649876,0
3.885662769655529,0.9817901122297269,8.965925842699223,2.6148411213666503,3.8534470629432374,4.640118689231712,1.205049900975729,28.54911412609383,47799.70417505284,0,20.824759688095945,0
0.8462733526759525,1.406934063398773,10.605067985047885,1.7677491692226177,2.6560361610177186,0.20393037909400036,3.7982855854228283,8.884366661799945,20941.859579735083,1,23.359840351590023,0
6.434052833138456,0.36471021649683266,9.149926200158887,2.8431444957561878,6.314231249158901,4.266984398450341,3.667843066868717,28.728870894890385,3672.822975943322,0,18.752425643765434,1
1.7970506049704416,0.9036712999611436,9.70762568299305,4.192213561175046,6.86964473114389,9.023512891758571,3.69260109419505,7.483750530078019,12023.674335655533,1,84.652910951828,0
0.990454947431122,2.7512107345555408,6.796872317195701,2.1582662441050795,0.21133745543936627,5.5969519138137835,5.712988318243849,2.6204210045637217,49434.09529618393,1,6.049162562035332,0
1.3201477706205038,2.9332241337731366,8.15325583694849,3.3362365888983376,3.2468053499971177,3.3151389891377527,2.447152141076045,9.552493573093209,1434.2213244827753,0,6.191974765017551,0
4.865241768823066,0.9793866259816448,9.720454222963353,4.8557297188565505,1.019863763478492,7.6682589361544204,3.2315057439402346,10.039875362064471,44854.90661237953,0,2.701134339308589,0
1.4214708714319613,3.5402935237388027,9.585959116104052,3.998901782619684,1.3251902628434318,6.68972580755038,4.604083937762234,20.15567010619046,157154.1311599586,1,13.298361000726667,0
3.2032258218771448,3.9273345866124694,9.848354814803665,0.460399853496841,1.1535349411381335,5.294023501732314,4.48735968180087,22.61437668273993,79260.70032988615,0,2.022096205760975,0
5.834896095027,4.2110697151162775,8.68098197078633,5.4971738823130325,0.754964492062528,6.170264078527526,6.642038926826034,5.869078777778977,21201.6015291454,0,6.298231653498068,1
1.2776866366844377,4.67208932956789,7.52196699529708,1.75734378989123,1.5354045273575028,2.9654901995525504,1.868016592988978,5.293070751295067,7437.046319373061,0,13.18190871577004,0
5.111639862554721,2.0919936198081217,8.41158019972157,2.005980652470374,1.756471594268407,4.27580321141609,5.158534959815597,11.435362761682232,31280.44882798978,0,63.21007048424933,0
